-- Script de mise à jour des BDD propres aux organismes
--
-- CONSIGNES: 
-- Chaque nouvelle requete doit commencer au debut d'une ligne et se finir par un point virgule suivi d'un retour à la ligne
-- si besoin est de splitter en plusieurs lignes, mettre une tabulation
-- Rajouter des  IF NOT EXISTS  lors de la creation de tables
-- Mettre des REPLACE au lieu des INSERT car ce script sera lancé plusieurs fois !!!
-- Lorsqu'un champs a deja ete ajoute avec ALTER TABLE xxx ADD, s'il doit etre modifie par la suite faire un ALTER TABLE xxx CHANGE ! (car on ne peut pas reajouter un champ)

-- known bug : pour le moment, il ne faut pas qu'il y ait de ";" dans une requete car je m'en sers comme delimiteur de fin de requete

-- pour la clause ou le champs de l'organisme il faut mettre '##ACCRONYME_ORG##' 



INSERT INTO ReferentielOrg (`id_referentiel` ,`organisme` ,`libelle_referentiel`) SELECT * FROM (SELECT 158 , '##ACCRONYME_ORG##', 'Type opération') AS tmp WHERE NOT EXISTS ( SELECT id_referentiel FROM ReferentielOrg WHERE id_referentiel = '158' and organisme='##ACCRONYME_ORG##' and `libelle_referentiel`='Type opération') LIMIT 1;
INSERT INTO ValeurReferentielOrg (`organisme` ,`id_referentiel` ,`libelle_valeur_referentiel` ,`libelle_valeur_referentiel_fr`)SELECT * FROM (SELECT '##ACCRONYME_ORG##', '158', 'Opération', 'Opération' as col) AS tmp WHERE NOT EXISTS ( SELECT organisme FROM ValeurReferentielOrg WHERE `organisme`='##ACCRONYME_ORG##'and `id_referentiel`='158' and `libelle_valeur_referentiel`='Opération' and `libelle_valeur_referentiel_fr`='Opération') LIMIT 1;
INSERT INTO ValeurReferentielOrg (`organisme` ,`id_referentiel` ,`libelle_valeur_referentiel` ,`libelle_valeur_referentiel_fr`)SELECT * FROM (SELECT '##ACCRONYME_ORG##', '158', 'Unité fonctionnelle', 'Unité fonctionnelle' as col) AS tmp WHERE NOT EXISTS ( SELECT organisme FROM ValeurReferentielOrg WHERE `organisme`='##ACCRONYME_ORG##'and `id_referentiel`='158' and `libelle_valeur_referentiel`='Unité fonctionnelle' and `libelle_valeur_referentiel_fr`='Unité fonctionnelle') LIMIT 1;

UPDATE `configuration_organisme` SET `type_contrat` = '1' WHERE `configuration_organisme`.`organisme` = '##ACCRONYME_ORG##';

UPDATE Type_Procedure_Organisme set libelle_type_procedure= 'Procédure concurrentielle avec négociation - Candidature' where id_type_procedure='1000' AND organisme = '##ACCRONYME_ORG##';
INSERT INTO `Type_Procedure_Organisme` (`id_type_procedure`, `organisme`,`libelle_type_procedure`, `abbreviation`, `type_boamp`, `id_type_procedure_portail`, `categorie_procedure`, `delai_alerte`,`id_type_validation`, `service_validation`, `mapa`, `activer_mapa`, `libelle_type_procedure_fr`, `libelle_type_procedure_en`, `libelle_type_procedure_es`, `libelle_type_procedure_su`, `libelle_type_procedure_du`, `libelle_type_procedure_cz`, `libelle_type_procedure_ar`, `id_montant_mapa`, `code_recensement`, `depouillable_phase_consultation`, `consultation_transverse`, `tag_Boamp`, `ao`, `mn`, `dc`, `autre`, `sad`, `accord_cadre`, `tag_name_mesure_avancement`, `abreviation_interface`, `libelle_type_procedure_it`, `publicite_types_form_xml`, `tag_name_chorus`, `equivalent_opoce`, `equivalent_boamp`) VALUES
(1000, '##ACCRONYME_ORG##', 'Procédure concurrentielle avec négociation - Candidature', 'PCN-C', 1, 1000, 4, 0, 2, 0, '0', '1', '', '', '', '', '', '', NULL, '0', NULL, '0', '0', '', '1', '0', '0', '0', '0', '1', '', 'PCN', '', '', '1', '', '');

INSERT INTO `Type_Procedure_Organisme` (`id_type_procedure`, `organisme`,`libelle_type_procedure`, `abbreviation`, `type_boamp`, `id_type_procedure_portail`, `categorie_procedure`, `delai_alerte`,`id_type_validation`, `service_validation`, `mapa`, `activer_mapa`, `libelle_type_procedure_fr`, `libelle_type_procedure_en`, `libelle_type_procedure_es`, `libelle_type_procedure_su`, `libelle_type_procedure_du`, `libelle_type_procedure_cz`, `libelle_type_procedure_ar`, `id_montant_mapa`, `code_recensement`, `depouillable_phase_consultation`, `consultation_transverse`, `tag_Boamp`, `ao`, `mn`, `dc`, `autre`, `sad`, `accord_cadre`, `tag_name_mesure_avancement`, `abreviation_interface`, `libelle_type_procedure_it`, `publicite_types_form_xml`, `tag_name_chorus`, `equivalent_opoce`, `equivalent_boamp`) VALUES
(1004, '##ACCRONYME_ORG##', 'Procédure concurrentielle avec négociation - Offre', 'PCN-O', 1, 1000, 4, 0, 2, 0, '0', '1', '', '', '', '', '', '', NULL, '0', NULL, '0', '0', '', '1', '0', '0', '0', '0', '1', '', 'PCN', '', '', '1', '', '');


-- INSERT INTO `Type_Procedure_Organisme` (`id_type_procedure`, `organisme`, `libelle_type_procedure`, `abbreviation`, `type_boamp`, `id_type_procedure_portail`, `categorie_procedure`,`delai_alerte`, `id_type_validation`, `service_validation`, `mapa`, `activer_mapa`, `libelle_type_procedure_fr`, `libelle_type_procedure_en`, `libelle_type_procedure_es`, `libelle_type_procedure_su`, `libelle_type_procedure_du`, `libelle_type_procedure_cz`, `libelle_type_procedure_ar`, `id_montant_mapa`, `code_recensement`, `depouillable_phase_consultation`, `consultation_transverse`, `tag_Boamp`, `ao`, `mn`, `dc`, `autre`, `sad`, `accord_cadre`, `tag_name_mesure_avancement`, `abreviation_interface`, `libelle_type_procedure_it`, `publicite_types_form_xml`, `tag_name_chorus`, `equivalent_opoce`, `equivalent_boamp`) VALUES
-- (1001, '##ACCRONYME_ORG##', 'Procédure adaptée services sociaux et services spécifiques < 90 k EUR HT', 'PA-SS-INF', '23', '3', '3', '0', '2', '0', '1', '1', '', '', '', '', '', '', '', '1', '9', '0', '0', '<ProcedureAdaptee/>', '0', '0', '0', '0', '0', '0', '4', 'MAI', '', '', '9', '', ''),
-- (1002, '##ACCRONYME_ORG##', 'Procédure adaptée services sociaux et services spécifiques > 90 k EUR HT', 'PA-SS-SUP', '23', '3', '3', '0', '2', '0', '1', '1', '', '', '', '', '', '', '', '1', '9', '0', '0', '<ProcedureAdaptee/>', '0', '0', '0', '0', '0', '0', '4', 'MAS', '', '', '9', '', '');
DELETE FROM ProcedureEquivalence WHERE id_type_procedure = 1000 AND  organisme = '##ACCRONYME_ORG##';
INSERT INTO `ProcedureEquivalence` (`id_type_procedure`, `organisme`, `elec_resp`, `no_elec_resp`, `cipher_enabled`, `cipher_disabled`, `signature_enabled`, `signature_disabled`, `env_candidature`, `env_offre`, `env_anonymat`, `envoi_complet`, `envoi_differe`, `procedure_publicite`, `procedure_restreinte_candidature`, `procedure_restreinte_offre`, `envoi_mail_par_mpe`, `no_envoi_mail_par_mpe`, `mise_en_ligne1`, `mise_en_ligne2`, `mise_en_ligne3`, `mise_en_ligne4`, `env_offre_type_unique`, `env_offre_type_multiple`, `no_fichier_annonce`, `fichier_importe`, `fichier_boamp`, `reglement_cons`, `dossier_dce`, `partial_dce_download`, `service`, `constitution_dossier_reponse`, `env_offre_type_unique2`, `env_offre_type_multiple2`, `gestion_envois_postaux`, `tireur_plan_non`, `tireur_plan_oui`, `tireur_plan_papier`, `tireur_plan_cdrom`, `tireur_plan_nom`, `tirage_descriptif`, `delai_date_limite_remise_pli`, `signature_propre`, `procedure_restreinte`, `ouverture_simultanee`, `type_decision_a_renseigner`, `type_decision_attribution_marche`, `type_decision_declaration_sans_suite`, `type_decision_declaration_infructueux`, `type_decision_selection_entreprise`, `type_decision_attribution_accord_cadre`, `type_decision_admission_sad`, `type_decision_autre`, `env_offre_technique`, `env_offre_technique_type_unique`, `env_offre_technique_type_multiple`, `rep_obligatoire`, `no_rep_obligatoire`, `autre_piece_cons`, `resp_elec_autre_plateforme`, `mise_en_ligne_entite_coordinatrice`, `autoriser_publicite`, `poursuite_date_limite_remise_pli`, `delai_poursuite_affichage`, `delai_poursuivre_affichage_unite`, `mode_ouverture_dossier`, `mode_ouverture_reponse`, `marche_public_simplifie`) VALUES ('1000', '##ACCRONYME_ORG##', '1', '0', '1', '0', '1', '0', '1', '0', '-0', '-1', '-1', '1', '1', '0', '+0', '+0', '+0', '+1', '-0', '-0', '+1', '+0', '+1', '+0', '+0', '+1', '+1', '+1', '+1', '+0', '1', '', '+1', '+1', '+0', '+0', '+0', '+1', '+1', '+0', '-0', '0', '', '+0', '-0', '+0', '+0', '+0', '-0', '-0', '+0', '-0', '-0', '-0', '+0', '+0', '+0', '-0', '-0', '1', '+1', '', 'DAY', '+1', '+0', '-0');
INSERT INTO `ProcedureEquivalence` (`id_type_procedure`, `organisme`, `elec_resp`, `no_elec_resp`, `cipher_enabled`, `cipher_disabled`, `signature_enabled`, `signature_disabled`, `env_candidature`, `env_offre`, `env_anonymat`, `envoi_complet`, `envoi_differe`, `procedure_publicite`, `procedure_restreinte_candidature`, `procedure_restreinte_offre`, `envoi_mail_par_mpe`, `no_envoi_mail_par_mpe`, `mise_en_ligne1`, `mise_en_ligne2`, `mise_en_ligne3`, `mise_en_ligne4`, `env_offre_type_unique`, `env_offre_type_multiple`, `no_fichier_annonce`, `fichier_importe`, `fichier_boamp`, `reglement_cons`, `dossier_dce`, `partial_dce_download`, `service`, `constitution_dossier_reponse`, `env_offre_type_unique2`, `env_offre_type_multiple2`, `gestion_envois_postaux`, `tireur_plan_non`, `tireur_plan_oui`, `tireur_plan_papier`, `tireur_plan_cdrom`, `tireur_plan_nom`, `tirage_descriptif`, `delai_date_limite_remise_pli`, `signature_propre`, `procedure_restreinte`, `ouverture_simultanee`, `type_decision_a_renseigner`, `type_decision_attribution_marche`, `type_decision_declaration_sans_suite`, `type_decision_declaration_infructueux`, `type_decision_selection_entreprise`, `type_decision_attribution_accord_cadre`, `type_decision_admission_sad`, `type_decision_autre`, `env_offre_technique`, `env_offre_technique_type_unique`, `env_offre_technique_type_multiple`, `rep_obligatoire`, `no_rep_obligatoire`, `autre_piece_cons`, `resp_elec_autre_plateforme`, `mise_en_ligne_entite_coordinatrice`, `autoriser_publicite`, `poursuite_date_limite_remise_pli`, `delai_poursuite_affichage`, `delai_poursuivre_affichage_unite`, `mode_ouverture_dossier`, `mode_ouverture_reponse`, `marche_public_simplifie`) VALUES ('1004', '##ACCRONYME_ORG##', '1', '0', '1', '0', '1', '0', '0', '1', '-0', '-1', '-1', '0', '0', '1', '+0', '+0', '+0', '+1', '-0', '-0', '+1', '+0', '+1', '+0', '+0', '+1', '+1', '+1', '+1', '+0', '1', '', '+1', '+1', '+0', '+0', '+0', '+1', '+1', '+0', '+1', '+1', '', '+0', '+0', '+0', '+0', '-0', '-0', '-0', '+0', '-0', '-0', '-0', '+0', '+0', '+0', '-0', '-0', '1', '+1', '', 'DAY', '+1', '+0', '-0');

-- INSERT INTO `ProcedureEquivalence` (`id_type_procedure`, `organisme`, `elec_resp`, `no_elec_resp`, `cipher_enabled`, `cipher_disabled`, `signature_enabled`, `signature_disabled`,`env_candidature`, `env_offre`, `env_anonymat`, `envoi_complet`, `envoi_differe`, `procedure_publicite`, `procedure_restreinte_candidature`, `procedure_restreinte_offre`, `envoi_mail_par_mpe`, `no_envoi_mail_par_mpe`, `mise_en_ligne1`, `mise_en_ligne2`, `mise_en_ligne3`, `mise_en_ligne4`, `env_offre_type_unique`, `env_offre_type_multiple`, `no_fichier_annonce`, `fichier_importe`, `fichier_boamp`, `reglement_cons`, `dossier_dce`, `partial_dce_download`, `service`, `constitution_dossier_reponse`, `env_offre_type_unique2`, `env_offre_type_multiple2`, `gestion_envois_postaux`, `tireur_plan_non`, `tireur_plan_oui`, `tireur_plan_papier`, `tireur_plan_cdrom`, `tireur_plan_nom`, `tirage_descriptif`, `delai_date_limite_remise_pli`, `signature_propre`, `procedure_restreinte`, `ouverture_simultanee`, `type_decision_a_renseigner`, `type_decision_attribution_marche`, `type_decision_declaration_sans_suite`, `type_decision_declaration_infructueux`, `type_decision_selection_entreprise`, `type_decision_attribution_accord_cadre`, `type_decision_admission_sad`, `type_decision_autre`, `env_offre_technique`, `env_offre_technique_type_unique`, `env_offre_technique_type_multiple`, `rep_obligatoire`, `no_rep_obligatoire`, `autre_piece_cons`, `resp_elec_autre_plateforme`, `mise_en_ligne_entite_coordinatrice`, `autoriser_publicite`, `poursuite_date_limite_remise_pli`, `delai_poursuite_affichage`, `delai_poursuivre_affichage_unite`, `mode_ouverture_dossier`, `mode_ouverture_reponse`, `marche_public_simplifie`) VALUES
-- ('1001', '##ACCRONYME_ORG##', '+1', '+0', '+1', '+0', '+0', '+1', '+0', '+1', '-0', '-1', '-1', '+1', '+0', '+0', '+0', '+0', '+0', '+1', '-0', '-0', '+1', '+0', '+1', '+0', '+0', '-0', '+1', '+1', '+1', '+0', '1', '', '+1', '+1', '+0', '+0', '+0', '+1', '+1', '-0', '-0', '+0', '', '+0', '+0', '+0', '+0', '+0', '-0', '-0', '+0', '-0', '-0', '-0', '+0', '+0', '+0', '-0', '-0', '1', '-1', '1', 'DAY', '+0', '+1', '+1'),
-- ('1002', '##ACCRONYME_ORG##', '+1', '+0', '+1', '+0', '+0', '+1', '+0', '+1', '-0', '-1', '-1', '+1', '+0', '+0', '+0', '+0', '+0', '+1', '+0', '+0', '+1', '+0', '+1', '+0', '+0', '-0', '+1', '+1', '+1', '+0', '1', '', '+1', '+1', '+0', '+0', '+0', '+1', '+1', '-0', '-0', '+0', '', '+0', '+0', '+0', '+0', '+0', '-0', '-0', '+0', '-0', '-0', '-0', '+0', '+0', '+0', '-0', '-0', '1', '-1', '1', 'DAY', '+0', '+1', '+1');


-- INSERT INTO `t_type_contrat_et_procedure`(`id_type_contrat`,`id_type_procedure`,`organisme`) VALUES (1,1000,'##ACCRONYME_ORG##');
-- INSERT INTO `t_type_contrat_et_procedure`(`id_type_contrat`,`id_type_procedure`,`organisme`) VALUES (2,1000,'##ACCRONYME_ORG##');
-- INSERT INTO `t_type_contrat_et_procedure`(`id_type_contrat`,`id_type_procedure`,`organisme`) VALUES (4,1000,'##ACCRONYME_ORG##');
-- INSERT INTO `t_type_contrat_et_procedure`(`id_type_contrat`,`id_type_procedure`,`organisme`) VALUES (5,1000,'##ACCRONYME_ORG##');
-- INSERT INTO `t_type_contrat_et_procedure`(`id_type_contrat`,`id_type_procedure`,`organisme`) VALUES (6,1000,'##ACCRONYME_ORG##');
-- INSERT INTO `t_type_contrat_et_procedure`(`id_type_contrat`,`id_type_procedure`,`organisme`) VALUES (8,1000,'##ACCRONYME_ORG##');
-- INSERT INTO `t_type_contrat_et_procedure`(`id_type_contrat`,`id_type_procedure`,`organisme`) VALUES (9,1000,'##ACCRONYME_ORG##');
-- INSERT INTO `t_type_contrat_et_procedure`(`id_type_contrat`,`id_type_procedure`,`organisme`) VALUES (11,1000,'##ACCRONYME_ORG##');

-- INSERT INTO `t_type_contrat_et_procedure`(`id_type_contrat`,`id_type_procedure`,`organisme`) VALUES (1,1004,'##ACCRONYME_ORG##');
-- INSERT INTO `t_type_contrat_et_procedure`(`id_type_contrat`,`id_type_procedure`,`organisme`) VALUES (2,1004,'##ACCRONYME_ORG##');
-- INSERT INTO `t_type_contrat_et_procedure`(`id_type_contrat`,`id_type_procedure`,`organisme`) VALUES (4,1004,'##ACCRONYME_ORG##');
-- INSERT INTO `t_type_contrat_et_procedure`(`id_type_contrat`,`id_type_procedure`,`organisme`) VALUES (5,1004,'##ACCRONYME_ORG##');
-- INSERT INTO `t_type_contrat_et_procedure`(`id_type_contrat`,`id_type_procedure`,`organisme`) VALUES (6,1004,'##ACCRONYME_ORG##');
-- INSERT INTO `t_type_contrat_et_procedure`(`id_type_contrat`,`id_type_procedure`,`organisme`) VALUES (8,1004,'##ACCRONYME_ORG##');
-- INSERT INTO `t_type_contrat_et_procedure`(`id_type_contrat`,`id_type_procedure`,`organisme`) VALUES (9,1004,'##ACCRONYME_ORG##');
-- INSERT INTO `t_type_contrat_et_procedure`(`id_type_contrat`,`id_type_procedure`,`organisme`) VALUES (11,1004,'##ACCRONYME_ORG##');



UPDATE `ValeurReferentielOrg` SET `libelle_valeur_referentiel`='Marché public',`libelle_valeur_referentiel_fr`='Marché public',`libelle_valeur_referentiel_en`='Marché public' WHERE `id`=25 AND `organisme`='##ACCRONYME_ORG##' AND `id_referentiel`=15;
UPDATE `ValeurReferentielOrg` SET `libelle_valeur_referentiel`='Accord cadre',`libelle_valeur_referentiel_fr`='Accord cadre',`libelle_valeur_referentiel_en`='Accord cadre' WHERE `id`=26 AND `organisme`='##ACCRONYME_ORG##' AND `id_referentiel`=15;
UPDATE `ValeurReferentielOrg` SET `libelle_valeur_referentiel`='Système d''Acquisition Dynamique',`libelle_valeur_referentiel_fr`='Système d''Acquisition Dynamique',`libelle_valeur_referentiel_en`='Système d''Acquisition Dynamique' WHERE `id`=27 AND `organisme`='##ACCRONYME_ORG##' AND `id_referentiel`=15;
UPDATE `ValeurReferentielOrg` SET `libelle_valeur_referentiel`='Concession / DSP',`libelle_valeur_referentiel_fr`='Concession / DSP',`libelle_valeur_referentiel_en`='Concession / DSP' WHERE `id`=28 AND `organisme`='##ACCRONYME_ORG##' AND `id_referentiel`=15;

INSERT INTO `ValeurReferentielOrg` (`id` ,`organisme`, `id_referentiel`, `libelle_valeur_referentiel`, `libelle_valeur_referentiel_fr`, `libelle_valeur_referentiel_en`,`libelle_valeur_referentiel_es`, `libelle_valeur_referentiel_su`, `libelle_valeur_referentiel_du`, `libelle_valeur_referentiel_cz`, `libelle_valeur_referentiel_ar`, `libelle_valeur_referentiel_it`) VALUES (25, '##ACCRONYME_ORG##', 15, 'Marché public', 'Marché public', '(en) Marché public', '', '', '', '', '', '');
INSERT INTO `ValeurReferentielOrg` (`id` ,`organisme`, `id_referentiel`, `libelle_valeur_referentiel`, `libelle_valeur_referentiel_fr`, `libelle_valeur_referentiel_en`,`libelle_valeur_referentiel_es`, `libelle_valeur_referentiel_su`, `libelle_valeur_referentiel_du`, `libelle_valeur_referentiel_cz`, `libelle_valeur_referentiel_ar`, `libelle_valeur_referentiel_it`) VALUES (26, '##ACCRONYME_ORG##', 15, 'Accord cadre', 'Accord cadre', '(en) Accord cadre', '', '', '', '', '', '');
INSERT INTO `ValeurReferentielOrg` (`id` ,`organisme`, `id_referentiel`, `libelle_valeur_referentiel`, `libelle_valeur_referentiel_fr`, `libelle_valeur_referentiel_en`, `libelle_valeur_referentiel_es`, `libelle_valeur_referentiel_su`, `libelle_valeur_referentiel_du`, `libelle_valeur_referentiel_cz`, `libelle_valeur_referentiel_ar`, `libelle_valeur_referentiel_it`) VALUES (27, '##ACCRONYME_ORG##', 15, 'Système d''Acquisition Dynamique', 'Système d''Acquisition Dynamique', '(en) Système d''Acquisition Dynamique', '', '', '', '', '', '');
INSERT INTO `ValeurReferentielOrg` (`id` ,`organisme`, `id_referentiel`, `libelle_valeur_referentiel`, `libelle_valeur_referentiel_fr`, `libelle_valeur_referentiel_en`, `libelle_valeur_referentiel_es`, `libelle_valeur_referentiel_su`, `libelle_valeur_referentiel_du`, `libelle_valeur_referentiel_cz`, `libelle_valeur_referentiel_ar`,`libelle_valeur_referentiel_it`) VALUES (28, '##ACCRONYME_ORG##', 15, 'Concession / DSP', 'Concession / DSP', '(en) Concession / DSP', '', '', '', '', '', '');
--INSERT INTO `ValeurReferentielOrg` (`id` ,`organisme`, `id_referentiel`, `libelle_valeur_referentiel`, `libelle_valeur_referentiel_fr`, `libelle_valeur_referentiel_en`,`libelle_valeur_referentiel_es`, `libelle_valeur_referentiel_su`, `libelle_valeur_referentiel_du`, `libelle_valeur_referentiel_cz`, `libelle_valeur_referentiel_ar`, `libelle_valeur_referentiel_it`) VALUES (29, '##ACCRONYME_ORG##', 15, 'Accord-cadre à bon de commande', 'Accord-cadre à bon de commande', '(en) Accord-cadre à bon de commande', '', '', '', '', '', '');
--INSERT INTO `ValeurReferentielOrg` (`id` ,`organisme`, `id_referentiel`, `libelle_valeur_referentiel`, `libelle_valeur_referentiel_fr`, `libelle_valeur_referentiel_en`,`libelle_valeur_referentiel_es`, `libelle_valeur_referentiel_su`, `libelle_valeur_referentiel_du`, `libelle_valeur_referentiel_cz`, `libelle_valeur_referentiel_ar`, `libelle_valeur_referentiel_it`) VALUES (30, '##ACCRONYME_ORG##', 15, 'Accord-cadre à marché mixte', 'Accord-cadre à marché mixte', '(en) Accord-cadre à marché mixte', '', '', '', '', '', '');
INSERT INTO `ValeurReferentielOrg` (`id` ,`organisme`, `id_referentiel`, `libelle_valeur_referentiel`, `libelle_valeur_referentiel_fr`, `libelle_valeur_referentiel_en`,`libelle_valeur_referentiel_es`, `libelle_valeur_referentiel_su`, `libelle_valeur_referentiel_du`, `libelle_valeur_referentiel_cz`, `libelle_valeur_referentiel_ar`, `libelle_valeur_referentiel_it`) VALUES (31, '##ACCRONYME_ORG##', 15, 'Marché subséquent à accord-cadre', 'Marché subséquent à accord-cadre', '(en) Marché subséquent à accord-cadre', '', '', '', '', '', '');
INSERT INTO `ValeurReferentielOrg` (`id` ,`organisme`, `id_referentiel`, `libelle_valeur_referentiel`, `libelle_valeur_referentiel_fr`, `libelle_valeur_referentiel_en`, `libelle_valeur_referentiel_es`, `libelle_valeur_referentiel_su`, `libelle_valeur_referentiel_du`, `libelle_valeur_referentiel_cz`, `libelle_valeur_referentiel_ar`, `libelle_valeur_referentiel_it`) VALUES (32, '##ACCRONYME_ORG##', 15, 'Marché de partenariat', 'Marché de partenariat', '(en) Marché de partenariat', '', '', '', '', '', '');
INSERT INTO `ValeurReferentielOrg` (`id` ,`organisme`, `id_referentiel`, `libelle_valeur_referentiel`, `libelle_valeur_referentiel_fr`, `libelle_valeur_referentiel_en`, `libelle_valeur_referentiel_es`, `libelle_valeur_referentiel_su`, `libelle_valeur_referentiel_du`, `libelle_valeur_referentiel_cz`, `libelle_valeur_referentiel_ar`, `libelle_valeur_referentiel_it`) VALUES (33, '##ACCRONYME_ORG##', 15, 'Partenariat d''innovation', 'Partenariat d''innovation', '(en) Partenariat d''innovation', '', '', '', '', '', '');
INSERT INTO `ValeurReferentielOrg` (`id` ,`organisme`, `id_referentiel`, `libelle_valeur_referentiel`, `libelle_valeur_referentiel_fr`, `libelle_valeur_referentiel_en`, `libelle_valeur_referentiel_es`, `libelle_valeur_referentiel_su`, `libelle_valeur_referentiel_du`, `libelle_valeur_referentiel_cz`, `libelle_valeur_referentiel_ar`, `libelle_valeur_referentiel_it`) VALUES (34, '##ACCRONYME_ORG##', 15, 'Marché spécifique (suite SAD)', 'Marché spécifique (suite SAD)', '(en) Marché spécifique (suite SAD)', '', '', '', '', '', '');
INSERT INTO `ValeurReferentielOrg` (`id` ,`organisme`, `id_referentiel`, `libelle_valeur_referentiel`, `libelle_valeur_referentiel_fr`, `libelle_valeur_referentiel_en`, `libelle_valeur_referentiel_es`, `libelle_valeur_referentiel_su`, `libelle_valeur_referentiel_du`, `libelle_valeur_referentiel_cz`, `libelle_valeur_referentiel_ar`, `libelle_valeur_referentiel_it`) VALUES (35, '##ACCRONYME_ORG##', 15, 'Marché public de conception réalisation', 'Marché public de conception réalisation', '(en) Marché public de conception réalisation', '', '', '', '', '', '');
INSERT INTO `ValeurReferentielOrg` (`id` ,`organisme`, `id_referentiel`, `libelle_valeur_referentiel`, `libelle_valeur_referentiel_fr`, `libelle_valeur_referentiel_en`, `libelle_valeur_referentiel_es`, `libelle_valeur_referentiel_su`, `libelle_valeur_referentiel_du`, `libelle_valeur_referentiel_cz`, `libelle_valeur_referentiel_ar`, `libelle_valeur_referentiel_it`) VALUES (36, '##ACCRONYME_ORG##', 15, 'Autre', 'Autre', '(en) Autre', '', '', '', '', '', '');


INSERT INTO t_calendrier_etape_referentiel(ID_ETAPE_CALENDRIER_REFERENTIEL, ID_TYPE_PROCEDURE, ORGANISME, CODE, LIBELLE, POSITION) VALUES (101, 1000, '##ACCRONYME_ORG##' , 'E1', 'Date de lancement', 0);
INSERT INTO t_calendrier_etape_referentiel(ID_ETAPE_CALENDRIER_REFERENTIEL, ID_TYPE_PROCEDURE, ORGANISME, CODE, LIBELLE, POSITION) VALUES (102, 1000, '##ACCRONYME_ORG##' , 'E2', 'Date limite de remise des plis', 1);
INSERT INTO t_calendrier_etape_referentiel(ID_ETAPE_CALENDRIER_REFERENTIEL, ID_TYPE_PROCEDURE, ORGANISME, CODE, LIBELLE, POSITION) VALUES (103, 1000, '##ACCRONYME_ORG##' , 'E3', 'Ouverture des plis', 2);
INSERT INTO t_calendrier_etape_referentiel(ID_ETAPE_CALENDRIER_REFERENTIEL, ID_TYPE_PROCEDURE, ORGANISME, CODE, LIBELLE, POSITION) VALUES (104, 1000, '##ACCRONYME_ORG##' , 'E4', 'Analyse des réponses', 3);
INSERT INTO t_calendrier_etape_referentiel(ID_ETAPE_CALENDRIER_REFERENTIEL, ID_TYPE_PROCEDURE, ORGANISME, CODE, LIBELLE, POSITION) VALUES (105, 1000, '##ACCRONYME_ORG##' , 'E5', 'Décision / Attribution', 4);
INSERT INTO t_calendrier_etape_referentiel(ID_ETAPE_CALENDRIER_REFERENTIEL, ID_TYPE_PROCEDURE, ORGANISME, CODE, LIBELLE, POSITION) VALUES (106, 1000, '##ACCRONYME_ORG##' , 'E6', 'Information des soumissionnaires non retenus', 5);
INSERT INTO t_calendrier_etape_referentiel(ID_ETAPE_CALENDRIER_REFERENTIEL, ID_TYPE_PROCEDURE, ORGANISME, CODE, LIBELLE, POSITION) VALUES (107, 1000, '##ACCRONYME_ORG##' , 'E7', 'Notification de la décision', 6);
INSERT INTO t_calendrier_etape_referentiel(ID_ETAPE_CALENDRIER_REFERENTIEL, ID_TYPE_PROCEDURE, ORGANISME, CODE, LIBELLE, POSITION) VALUES (108, 1000, '##ACCRONYME_ORG##' , 'E8', 'Avis d''attribution', 7);

INSERT INTO t_calendrier_transition_referentiel(ID_TRANSITION_CALENDRIER_REFERENTIEL,ID_TYPE_PROCEDURE ,ORGANISME,ID_CALENDRIER_ETAPE_REFERENTIEL_SOURCE, ID_CALENDRIER_ETAPE_REFERENTIEL_CIBLE,VALEUR_FIXE, VALEUR_VARIABLE) VALUES (101, 1000, '##ACCRONYME_ORG##' ,(SELECT ID_ETAPE_CALENDRIER_REFERENTIEL FROM t_calendrier_etape_referentiel WHERE code='E2' AND ORGANISME = '##ACCRONYME_ORG##' AND ID_TYPE_PROCEDURE = 1), (SELECT ID_ETAPE_CALENDRIER_REFERENTIEL FROM t_calendrier_etape_referentiel WHERE code='E1' AND ORGANISME = '##ACCRONYME_ORG##' AND ID_TYPE_PROCEDURE = 1), -40, -5);
INSERT INTO t_calendrier_transition_referentiel(ID_TRANSITION_CALENDRIER_REFERENTIEL,ID_TYPE_PROCEDURE ,ORGANISME,ID_CALENDRIER_ETAPE_REFERENTIEL_SOURCE, ID_CALENDRIER_ETAPE_REFERENTIEL_CIBLE,VALEUR_FIXE, VALEUR_VARIABLE) VALUES (102, 1000, '##ACCRONYME_ORG##' ,(SELECT ID_ETAPE_CALENDRIER_REFERENTIEL FROM t_calendrier_etape_referentiel WHERE code='E2' AND ORGANISME = '##ACCRONYME_ORG##' AND ID_TYPE_PROCEDURE = 1), (SELECT ID_ETAPE_CALENDRIER_REFERENTIEL FROM t_calendrier_etape_referentiel WHERE code='E3' AND ORGANISME = '##ACCRONYME_ORG##' AND ID_TYPE_PROCEDURE = 1), 60, 15);
INSERT INTO t_calendrier_transition_referentiel(ID_TRANSITION_CALENDRIER_REFERENTIEL,ID_TYPE_PROCEDURE ,ORGANISME,ID_CALENDRIER_ETAPE_REFERENTIEL_SOURCE, ID_CALENDRIER_ETAPE_REFERENTIEL_CIBLE, VALEUR_FIXE, VALEUR_VARIABLE) VALUES (103, 1000, '##ACCRONYME_ORG##' ,(SELECT ID_ETAPE_CALENDRIER_REFERENTIEL FROM t_calendrier_etape_referentiel WHERE code='E3' AND ORGANISME = '##ACCRONYME_ORG##' AND ID_TYPE_PROCEDURE = 1), (SELECT ID_ETAPE_CALENDRIER_REFERENTIEL FROM t_calendrier_etape_referentiel WHERE code='E4' AND ORGANISME = '##ACCRONYME_ORG##' AND ID_TYPE_PROCEDURE = 1), 0, 5);
INSERT INTO t_calendrier_transition_referentiel(ID_TRANSITION_CALENDRIER_REFERENTIEL,ID_TYPE_PROCEDURE ,ORGANISME,ID_CALENDRIER_ETAPE_REFERENTIEL_SOURCE, ID_CALENDRIER_ETAPE_REFERENTIEL_CIBLE, VALEUR_FIXE, VALEUR_VARIABLE) VALUES (104, 1000, '##ACCRONYME_ORG##' ,(SELECT ID_ETAPE_CALENDRIER_REFERENTIEL FROM t_calendrier_etape_referentiel WHERE code='E4' AND ORGANISME = '##ACCRONYME_ORG##' AND ID_TYPE_PROCEDURE = 1), (SELECT ID_ETAPE_CALENDRIER_REFERENTIEL FROM t_calendrier_etape_referentiel WHERE code='E5' AND ORGANISME = '##ACCRONYME_ORG##' AND ID_TYPE_PROCEDURE = 1), 60, 0);
INSERT INTO t_calendrier_transition_referentiel(ID_TRANSITION_CALENDRIER_REFERENTIEL,ID_TYPE_PROCEDURE ,ORGANISME,ID_CALENDRIER_ETAPE_REFERENTIEL_SOURCE, ID_CALENDRIER_ETAPE_REFERENTIEL_CIBLE,VALEUR_FIXE, VALEUR_VARIABLE) VALUES (105, 1000, '##ACCRONYME_ORG##' ,(SELECT ID_ETAPE_CALENDRIER_REFERENTIEL FROM t_calendrier_etape_referentiel WHERE code='E5' AND ORGANISME = '##ACCRONYME_ORG##' AND ID_TYPE_PROCEDURE = 1), (SELECT ID_ETAPE_CALENDRIER_REFERENTIEL FROM t_calendrier_etape_referentiel WHERE code='E6' AND ORGANISME = '##ACCRONYME_ORG##' AND ID_TYPE_PROCEDURE = 1), 0, 12);
INSERT INTO t_calendrier_transition_referentiel(ID_TRANSITION_CALENDRIER_REFERENTIEL,ID_TYPE_PROCEDURE ,ORGANISME,ID_CALENDRIER_ETAPE_REFERENTIEL_SOURCE, ID_CALENDRIER_ETAPE_REFERENTIEL_CIBLE,VALEUR_FIXE, VALEUR_VARIABLE) VALUES (106, 1000, '##ACCRONYME_ORG##' , (SELECT ID_ETAPE_CALENDRIER_REFERENTIEL FROM t_calendrier_etape_referentiel WHERE code='E6' AND ORGANISME ='##ACCRONYME_ORG##' AND ID_TYPE_PROCEDURE = 1), (SELECT ID_ETAPE_CALENDRIER_REFERENTIEL FROM t_calendrier_etape_referentiel WHERE code='E7' AND ORGANISME = '##ACCRONYME_ORG##' AND ID_TYPE_PROCEDURE = 1), 0, 0);
INSERT INTO t_calendrier_transition_referentiel(ID_TRANSITION_CALENDRIER_REFERENTIEL,ID_TYPE_PROCEDURE ,ORGANISME,ID_CALENDRIER_ETAPE_REFERENTIEL_SOURCE, ID_CALENDRIER_ETAPE_REFERENTIEL_CIBLE,VALEUR_FIXE, VALEUR_VARIABLE) VALUES (107, 1000, '##ACCRONYME_ORG##' ,(SELECT ID_ETAPE_CALENDRIER_REFERENTIEL FROM t_calendrier_etape_referentiel WHERE code='E7' AND ORGANISME = '##ACCRONYME_ORG##' AND ID_TYPE_PROCEDURE = 1), (SELECT ID_ETAPE_CALENDRIER_REFERENTIEL FROM t_calendrier_etape_referentiel WHERE code='E8' AND ORGANISME = '##ACCRONYME_ORG##' AND ID_TYPE_PROCEDURE = 1), 0, -7);

INSERT INTO t_calendrier_etape_referentiel(ID_ETAPE_CALENDRIER_REFERENTIEL, ID_TYPE_PROCEDURE, ORGANISME, CODE, LIBELLE, POSITION) VALUES (101, 1004, '##ACCRONYME_ORG##' , 'E1', 'Date de lancement', 0);
INSERT INTO t_calendrier_etape_referentiel(ID_ETAPE_CALENDRIER_REFERENTIEL, ID_TYPE_PROCEDURE, ORGANISME, CODE, LIBELLE, POSITION) VALUES (102, 1004, '##ACCRONYME_ORG##' , 'E2', 'Date limite de remise des plis', 1);
INSERT INTO t_calendrier_etape_referentiel(ID_ETAPE_CALENDRIER_REFERENTIEL, ID_TYPE_PROCEDURE, ORGANISME, CODE, LIBELLE, POSITION) VALUES (103, 1004, '##ACCRONYME_ORG##' , 'E3', 'Ouverture des plis', 2);
INSERT INTO t_calendrier_etape_referentiel(ID_ETAPE_CALENDRIER_REFERENTIEL, ID_TYPE_PROCEDURE, ORGANISME, CODE, LIBELLE, POSITION) VALUES (104, 1004, '##ACCRONYME_ORG##' , 'E4', 'Analyse des réponses', 3);
INSERT INTO t_calendrier_etape_referentiel(ID_ETAPE_CALENDRIER_REFERENTIEL, ID_TYPE_PROCEDURE, ORGANISME, CODE, LIBELLE, POSITION) VALUES (105, 1004, '##ACCRONYME_ORG##' , 'E5', 'Décision / Attribution', 4);
INSERT INTO t_calendrier_etape_referentiel(ID_ETAPE_CALENDRIER_REFERENTIEL, ID_TYPE_PROCEDURE, ORGANISME, CODE, LIBELLE, POSITION) VALUES (106, 1004, '##ACCRONYME_ORG##' , 'E6', 'Information des soumissionnaires non retenus', 5);
INSERT INTO t_calendrier_etape_referentiel(ID_ETAPE_CALENDRIER_REFERENTIEL, ID_TYPE_PROCEDURE, ORGANISME, CODE, LIBELLE, POSITION) VALUES (107, 1004, '##ACCRONYME_ORG##' , 'E7', 'Notification de la décision', 6);
INSERT INTO t_calendrier_etape_referentiel(ID_ETAPE_CALENDRIER_REFERENTIEL, ID_TYPE_PROCEDURE, ORGANISME, CODE, LIBELLE, POSITION) VALUES (108, 1004, '##ACCRONYME_ORG##' , 'E8', 'Avis d''attribution', 7);

INSERT INTO t_calendrier_transition_referentiel(ID_TRANSITION_CALENDRIER_REFERENTIEL,ID_TYPE_PROCEDURE ,ORGANISME,ID_CALENDRIER_ETAPE_REFERENTIEL_SOURCE, ID_CALENDRIER_ETAPE_REFERENTIEL_CIBLE,VALEUR_FIXE, VALEUR_VARIABLE) VALUES (101, 1004, '##ACCRONYME_ORG##' ,(SELECT ID_ETAPE_CALENDRIER_REFERENTIEL FROM t_calendrier_etape_referentiel WHERE code='E2' AND ORGANISME = '##ACCRONYME_ORG##' AND ID_TYPE_PROCEDURE = 1), (SELECT ID_ETAPE_CALENDRIER_REFERENTIEL FROM t_calendrier_etape_referentiel WHERE code='E1' AND ORGANISME = '##ACCRONYME_ORG##' AND ID_TYPE_PROCEDURE = 1), -40, -5);
INSERT INTO t_calendrier_transition_referentiel(ID_TRANSITION_CALENDRIER_REFERENTIEL,ID_TYPE_PROCEDURE ,ORGANISME,ID_CALENDRIER_ETAPE_REFERENTIEL_SOURCE, ID_CALENDRIER_ETAPE_REFERENTIEL_CIBLE,VALEUR_FIXE, VALEUR_VARIABLE) VALUES (102, 1004, '##ACCRONYME_ORG##' ,(SELECT ID_ETAPE_CALENDRIER_REFERENTIEL FROM t_calendrier_etape_referentiel WHERE code='E2' AND ORGANISME = '##ACCRONYME_ORG##' AND ID_TYPE_PROCEDURE = 1), (SELECT ID_ETAPE_CALENDRIER_REFERENTIEL FROM t_calendrier_etape_referentiel WHERE code='E3' AND ORGANISME = '##ACCRONYME_ORG##' AND ID_TYPE_PROCEDURE = 1), 60, 15);
INSERT INTO t_calendrier_transition_referentiel(ID_TRANSITION_CALENDRIER_REFERENTIEL,ID_TYPE_PROCEDURE ,ORGANISME,ID_CALENDRIER_ETAPE_REFERENTIEL_SOURCE, ID_CALENDRIER_ETAPE_REFERENTIEL_CIBLE, VALEUR_FIXE, VALEUR_VARIABLE) VALUES (103, 1004, '##ACCRONYME_ORG##' ,(SELECT ID_ETAPE_CALENDRIER_REFERENTIEL FROM t_calendrier_etape_referentiel WHERE code='E3' AND ORGANISME = '##ACCRONYME_ORG##' AND ID_TYPE_PROCEDURE = 1), (SELECT ID_ETAPE_CALENDRIER_REFERENTIEL FROM t_calendrier_etape_referentiel WHERE code='E4' AND ORGANISME = '##ACCRONYME_ORG##' AND ID_TYPE_PROCEDURE = 1), 0, 5);
INSERT INTO t_calendrier_transition_referentiel(ID_TRANSITION_CALENDRIER_REFERENTIEL,ID_TYPE_PROCEDURE ,ORGANISME,ID_CALENDRIER_ETAPE_REFERENTIEL_SOURCE, ID_CALENDRIER_ETAPE_REFERENTIEL_CIBLE, VALEUR_FIXE, VALEUR_VARIABLE) VALUES (104, 1004, '##ACCRONYME_ORG##' ,(SELECT ID_ETAPE_CALENDRIER_REFERENTIEL FROM t_calendrier_etape_referentiel WHERE code='E4' AND ORGANISME = '##ACCRONYME_ORG##' AND ID_TYPE_PROCEDURE = 1), (SELECT ID_ETAPE_CALENDRIER_REFERENTIEL FROM t_calendrier_etape_referentiel WHERE code='E5' AND ORGANISME = '##ACCRONYME_ORG##' AND ID_TYPE_PROCEDURE = 1), 60, 0);
INSERT INTO t_calendrier_transition_referentiel(ID_TRANSITION_CALENDRIER_REFERENTIEL,ID_TYPE_PROCEDURE ,ORGANISME,ID_CALENDRIER_ETAPE_REFERENTIEL_SOURCE, ID_CALENDRIER_ETAPE_REFERENTIEL_CIBLE,VALEUR_FIXE, VALEUR_VARIABLE) VALUES (105, 1004, '##ACCRONYME_ORG##' ,(SELECT ID_ETAPE_CALENDRIER_REFERENTIEL FROM t_calendrier_etape_referentiel WHERE code='E5' AND ORGANISME = '##ACCRONYME_ORG##' AND ID_TYPE_PROCEDURE = 1), (SELECT ID_ETAPE_CALENDRIER_REFERENTIEL FROM t_calendrier_etape_referentiel WHERE code='E6' AND ORGANISME = '##ACCRONYME_ORG##' AND ID_TYPE_PROCEDURE = 1), 0, 12);
INSERT INTO t_calendrier_transition_referentiel(ID_TRANSITION_CALENDRIER_REFERENTIEL,ID_TYPE_PROCEDURE ,ORGANISME,ID_CALENDRIER_ETAPE_REFERENTIEL_SOURCE, ID_CALENDRIER_ETAPE_REFERENTIEL_CIBLE,VALEUR_FIXE, VALEUR_VARIABLE) VALUES (106, 1004, '##ACCRONYME_ORG##' , (SELECT ID_ETAPE_CALENDRIER_REFERENTIEL FROM t_calendrier_etape_referentiel WHERE code='E6' AND ORGANISME ='##ACCRONYME_ORG##' AND ID_TYPE_PROCEDURE = 1), (SELECT ID_ETAPE_CALENDRIER_REFERENTIEL FROM t_calendrier_etape_referentiel WHERE code='E7' AND ORGANISME = '##ACCRONYME_ORG##' AND ID_TYPE_PROCEDURE = 1), 0, 0);
INSERT INTO t_calendrier_transition_referentiel(ID_TRANSITION_CALENDRIER_REFERENTIEL,ID_TYPE_PROCEDURE ,ORGANISME,ID_CALENDRIER_ETAPE_REFERENTIEL_SOURCE, ID_CALENDRIER_ETAPE_REFERENTIEL_CIBLE,VALEUR_FIXE, VALEUR_VARIABLE) VALUES (107, 1004, '##ACCRONYME_ORG##' ,(SELECT ID_ETAPE_CALENDRIER_REFERENTIEL FROM t_calendrier_etape_referentiel WHERE code='E7' AND ORGANISME = '##ACCRONYME_ORG##' AND ID_TYPE_PROCEDURE = 1), (SELECT ID_ETAPE_CALENDRIER_REFERENTIEL FROM t_calendrier_etape_referentiel WHERE code='E8' AND ORGANISME = '##ACCRONYME_ORG##' AND ID_TYPE_PROCEDURE = 1), 0, -7);