INSERT INTO `Administrateur` (`id`, `original_login`, `login`, `certificat`, `mdp`, `nom`, `prenom`, `email`, `organisme`, `admin_general`, `tentatives_mdp`) VALUES
	(1, 'a1a', 'a1a', '', 'ATX32008', 'Nom', 'Prenom', 'email', NULL, '0', 0),
	(2, 'a2z', 'a2z', '', 'F836A9BA', 'Nom', 'Prenom', 'email', NULL, '0', 0),
	(3, 'e3r', 'e3r', '', '5ECFF512', 'Nom', 'Prenom', 'email', NULL, '0', 0),
	(4, 'a1t', 'a1t', '', 'F78DEDFG', 'Nom', 'Prenom', 'email', NULL, '0', 0),
	(5, 't5y', 't5y', '', 'F59D993B', 'Nom', 'Prenom', 'email', NULL, '0', 0),
	(6, 'u6i', 'u6i', '', 'B37F18E1', 'Nom', 'Prenom', 'email', NULL, '0', 0),
	(7, 'o8p', 'o8p', '', '128BB460', 'Nom', 'Prenom', 'email', NULL, '0', 0),
	(8, 'q1s', 'q1s', '', '23029148', 'Nom', 'Prenom', 'email', NULL, '0', 0),
	(9, 'd2f', 'd2f', '', '7E6089B4', 'Nom', 'Prenom', 'email', NULL, '0', 0),
	(10, 'g3h', 'g3h', '', 'C33EB20C', 'Nom', 'Prenom', 'email', NULL, '0', 0),
	(11, 'j4k', 'j4k', '', '4880CF1F', 'Nom', 'Prenom', 'email', NULL, '0', 0),
	(12, 'm5w', 'm5w', '', '211B364A', 'Nom', 'Prenom', 'email', NULL, '0', 0),
	(13, 'x6c', 'x6c', '', '5ABD3710', 'Nom', 'Prenom', 'email', NULL, '0', 0),
	(14, 'v5b', 'v5b', '', 'A4F67F3C', 'Nom', 'Prenom', 'email', NULL, '0', 0),
	(15, 'n2a', 'n2a', '', '7CC4BE4D', 'Nom', 'Prenom', 'email', NULL, '0', 0),
	(16, 'z5e', 'z5e', '', 'F583CCE1', 'Nom', 'Prenom', 'email', NULL, '0', 0),
	(17, 'r8t', 'r8t', '', '69FA10BC', 'Nom', 'Prenom', 'email', NULL, '0', 0),
	(18, 'y6u', 'y6u', '', '5A2C9690', 'Nom', 'Prenom', 'email', NULL, '0', 0),
	(19, 'i9o', 'i9o', '', '255E39B3', 'Nom', 'Prenom', 'email', NULL, '0', 0),
	(20, 'p2q', 'p2q', '', 'F47B15D8', 'Nom', 'Prenom', 'email', NULL, '0', 0),
	(21, 's3d', 's3d', '', 'FC20DED2', 'Nom', 'Prenom', 'email', NULL, '0', 0),
	(22, 'f4g', 'f4g', '', '80F16829', 'Nom', 'Prenom', 'email', NULL, '0', 0),
	(23, 'h5j', 'h5j', '', 'E8721360', 'Nom', 'Prenom', 'email', NULL, '0', 0);

INSERT INTO `AvisCao` (`id`, `libelle`, `libelle_fr`, `libelle_en`, `libelle_es`, `libelle_su`, `libelle_du`, `libelle_cz`, `libelle_ar`, `libelle_it`) VALUES
	(1, 'Avis favorable', NULL, NULL, NULL, NULL, NULL, NULL, NULL, NULL),
	(2, 'Avis défavorable', NULL, NULL, NULL, NULL, NULL, NULL, NULL, NULL),
	(3, 'Sans suite', NULL, NULL, NULL, NULL, NULL, NULL, NULL, NULL);

INSERT INTO `CategorieConsultation` (`id`, `libelle`, `libelle_fr`, `libelle_en`, `libelle_es`, `libelle_su`, `libelle_du`, `libelle_cz`, `libelle_ar`, `id_categorie_ANM`, `libelle_it`, `code`) VALUES
	('1', 'Travaux', 'Travaux', 'Works', 'Obras', NULL, NULL, NULL, NULL, '1', 'Lavori', NULL),
	('2', 'Fournitures', 'Fournitures', 'Supplies', 'Suministros', NULL, NULL, NULL, NULL, '2', 'Forniture', NULL),
	('3', 'Services', 'Services', 'Services', 'Servicios', NULL, NULL, NULL, NULL, '3', 'Servizi', NULL);

INSERT INTO `CategorieINSEE` (`id`, `libelle`, `libelle_fr`, `libelle_en`, `libelle_es`, `libelle_su`, `libelle_du`, `libelle_cz`, `libelle_ar`, `libelle_it`) VALUES
	('4', 'Personne morale de droit public soumise au droit commercial', '', '', '', '', '', '', '', ''),
	('4.1', 'Établissement public ou régie à caractère industriel ou commercial', '', '', '', '', '', '', '', ''),
	('4.1.10', 'Établissement public national à caractère industriel ou commercial doté d\'un comptable public', '', '', '', '', '', '', '', ''),
	('4.1.20', 'Établissement public national à caractère industriel ou commercial non doté d\'un comptable public', '', '', '', '', '', '', '', ''),
	('4.1.30', 'Exploitant public', '', '', '', '', '', '', '', ''),
	('4.1.40', 'Établissement public local à caractère industriel ou commercial', '', '', '', '', '', '', '', ''),
	('4.1.50', 'Régie d\'une collectivité locale à caractère industriel ou commercial', '', '', '', '', '', '', '', ''),
	('4.1.60', 'Institution Banque de France', '', '', '', '', '', '', '', ''),
	('7', 'Personne morale et organisme soumis au droit administratif', '', '', '', '', '', '', '', ''),
	('7.1', 'Administration de l\'état', '', '', '', '', '', '', '', ''),
	('7.1.11', 'Autorité constitutionnelle', '', '', '', '', '', '', '', ''),
	('7.1.12', 'Autorité administrative indépendante', '', '', '', '', '', '', '', ''),
	('7.1.13', 'Ministère', '', '', '', '', '', '', '', ''),
	('7.1.20', 'Service central d\'un ministère', '', '', '', '', '', '', '', ''),
	('7.1.50', 'Service du ministère de la Défense', '', '', '', '', '', '', '', ''),
	('7.1.60', 'Service déconcentré à compétence nation. D\'un ministère (hors Défense)', '', '', '', '', '', '', '', ''),
	('7.1.71', 'Service déconcentré de l\'État à compétence (inter) régionale', '', '', '', '', '', '', '', ''),
	('7.1.72', 'Service déconcentré de l\'État à compétence (inter) départementale', '', '', '', '', '', '', '', ''),
	('7.1.79', '(Autre) Service déconcentré de l\'État à compétence territoriale', '', '', '', '', '', '', '', ''),
	('7.1.90', 'Ecole nationale non dotée de la personnalité morale', '', '', '', '', '', '', '', ''),
	('7.2', 'Collectivité territoriale', '', '', '', '', '', '', '', ''),
	('7.2.10', 'Commune', '', '', '', '', '', '', '', ''),
	('7.2.20', 'Département', '', '', '', '', '', '', '', ''),
	('7.2.25', 'Territoire d\'Outre-mer', '', '', '', '', '', '', '', ''),
	('7.2.29', '(Autre) Collectivité territoriale', '', '', '', '', '', '', '', ''),
	('7.2.30', 'Région', '', '', '', '', '', '', '', ''),
	('7.3', 'Établissement public administratif', '', '', '', '', '', '', '', ''),
	('7.3.12', 'Commune associée', '', '', '', '', '', '', '', ''),
	('7.3.13', 'Section de commune', '', '', '', '', '', '', '', ''),
	('7.3.14', 'Ensemble urbain', '', '', '', '', '', '', '', ''),
	('7.3.21', 'Association syndicale autorisée', '', '', '', '', '', '', '', ''),
	('7.3.22', 'Association foncière urbaine', '', '', '', '', '', '', '', ''),
	('7.3.23', 'Association foncière de remembrement', '', '', '', '', '', '', '', ''),
	('7.3.31', 'Établissement public local d\'enseignement', '', '', '', '', '', '', '', ''),
	('7.3.41', 'Secteur de commune', '', '', '', '', '', '', '', ''),
	('7.3.42', 'District urbain', '', '', '', '', '', '', '', ''),
	('7.3.43', 'Communauté urbaine', '', '', '', '', '', '', '', ''),
	('7.3.45', 'Syndicat intercommunal à vocation multiple (SIVOM)', '', '', '', '', '', '', '', ''),
	('7.3.46', 'Communauté de communes', '', '', '', '', '', '', '', ''),
	('7.3.47', 'Communauté de villes', '', '', '', '', '', '', '', ''),
	('7.3.48', 'Communauté d\'agglomération', '', '', '', '', '', '', '', ''),
	('7.3.49', 'Autre établissement public local de coopération non spécialisé ou entente', '', '', '', '', '', '', '', ''),
	('7.3.51', 'Institution interdépartemental ou entente', '', '', '', '', '', '', '', ''),
	('7.3.52', 'Institution interrégionale ou entente', '', '', '', '', '', '', '', ''),
	('7.3.53', 'Syndicat intercommunal à vocation unique (SIVU)', '', '', '', '', '', '', '', ''),
	('7.3.54', 'Syndicat mixte communal', '', '', '', '', '', '', '', ''),
	('7.3.55', 'Autre syndicat mixte', '', '', '', '', '', '', '', ''),
	('7.3.56', 'Commission syndicale pour la gestion des biens indivis des communes', '', '', '', '', '', '', '', ''),
	('7.3.61', 'Centre communal d\'action sociale', '', '', '', '', '', '', '', ''),
	('7.3.62', 'Caisse des écoles', '', '', '', '', '', '', '', ''),
	('7.3.63', 'Caisse de crédit municipal', '', '', '', '', '', '', '', ''),
	('7.3.64', 'Établissement d\'hospitalisation', '', '', '', '', '', '', '', ''),
	('7.3.65', 'Syndicat inter hospitalier', '', '', '', '', '', '', '', ''),
	('7.3.66', 'Établissement public local social et médico-social', '', '', '', '', '', '', '', ''),
	('7.3.71', 'Office public d\'habitation à loyer modéré (OPHLM)', '', '', '', '', '', '', '', ''),
	('7.3.72', 'Service départemental d\'incendie', '', '', '', '', '', '', '', ''),
	('7.3.73', 'Établissement public local culturel', '', '', '', '', '', '', '', ''),
	('7.3.79', '(Autre) Établissement public administratif local', '', '', '', '', '', '', '', ''),
	('7.3.81', 'Organisme consulaire', '', '', '', '', '', '', '', ''),
	('7.3.82', 'Établissement public national ayant fonction d\'administration centrale', '', '', '', '', '', '', '', ''),
	('7.3.83', 'Établissement public national à caractère scientifique culturel et professionnel', '', '', '', '', '', '', '', ''),
	('7.3.84', 'Autre établissement public national d\'enseignement', '', '', '', '', '', '', '', ''),
	('7.3.85', 'Autre établissement public national administratif à compétence territoriale limitée', '', '', '', '', '', '', '', ''),
	('7.3.89', 'Établissement public national à caractère administratif', '', '', '', '', '', '', '', ''),
	('7.4', 'Autre personne morale de droit public administratif', '', '', '', '', '', '', '', ''),
	('7.4.10', 'Groupement d\'intérêt public (GIP)', '', '', '', '', '', '', '', ''),
	('7.4.30', 'Établissement public des cultes d\'Alsace-Lorraine', '', '', '', '', '', '', '', ''),
	('7.4.50', 'Cercle et foyer dans les armées', '', '', '', '', '', '', '', ''),
	('7.4.90', 'Autre personne morale de droit administratif', '', '', '', '', '', '', '', '');

INSERT INTO `ccag_applicable` (`id`, `organisme`, `libelle`) VALUES
	(1, '', 'FCS'),
	(2, '', 'PI'),
	(3, '', 'T');

INSERT INTO `CG76_Domaine` (`Id`, `libelle`, `Parent`) VALUES
	(1, 'Repères et outils fondamentaux prof.', 0),
	(2, 'Management', 0),
	(3, 'Affaires juridiques', 0),
	(4, 'Gestion des ressources humaines', 0),
	(5, 'Formation professionnelle et recherche', 0),
	(6, 'Finances et gestion financière', 0),
	(7, 'Informatique et systèmes d\'information', 0),
	(8, 'Europe et international', 0),
	(9, 'Citoyenneté et population', 0),
	(10, 'Social et santé', 0),
	(11, 'Enfance, éducation, jeunesse', 0),
	(12, 'Restauration', 0),
	(13, 'Culture, archives et documentation', 0),
	(14, 'Environnement', 0),
	(15, 'Hygiène et sécurité', 0),
	(16, 'Génie technique', 0),
	(17, 'Développement local', 0),
	(18, 'Sport', 0),
	(19, 'Positionnement', 0),
	(20, 'Tech. expression communication et relat.', 1),
	(21, 'Observation du milieu professionnel', 1),
	(22, 'Tech. administ.d\'organis° et secrétariat', 1),
	(23, 'Connaissance de l\'environnement territorial', 1),
	(24, 'Savoirs de base intégration vie profess', 1),
	(25, 'Management stratégique', 2),
	(26, 'Management organisationnel', 2),
	(27, 'Management des équipes et des personnes', 2),
	(28, 'Approche général du management', 2),
	(29, 'Modes de gestion des services publics', 3),
	(30, 'Achat public, Marchés pub et contrats', 3),
	(31, 'Prévention juridique et contentieux', 3),
	(32, 'Approche générale du droit', 3),
	(33, 'Assurances', 3),
	(34, 'Prévention juridique et contentieux', 3),
	(35, 'Approche générale du droit', 3),
	(36, 'Gestion administrative et statutaire', 4),
	(37, 'Politiques de GRH', 4),
	(38, 'Conditions de travail', 4),
	(39, 'Relations sociales', 4),
	(40, 'Fonction formation', 4),
	(41, 'Approche générale de la GRH', 4),
	(42, 'Connais. Acteurs disp polit emploi form', 5),
	(43, 'Contrôle évaluation org form recherche', 5),
	(44, 'Instruc organis gest form prof et rech', 5),
	(45, 'Procédure budgétaire et comptable', 6),
	(46, 'Gestion et stratégie financière', 6),
	(47, 'Fiscalité et dotation de l\'Etat', 6),
	(48, 'Approche générale des finances', 6),
	(49, 'Stratégie de communication', 7),
	(50, 'Techniques et outils de communication', 7),
	(51, 'Appr géné de la communication institut', 7),
	(52, 'Architecture et admin des syst d\'infos', 8),
	(53, 'Réseaux et télécommunication', 8),
	(54, 'Techniques informatiques', 8),
	(55, 'Bureautique et utilisation outils inform', 8),
	(56, 'Connaissances des institutions', 9),
	(57, 'Politiques régionales', 9),
	(58, 'Coopération décentralisée', 9),
	(59, 'Politiques sectorielles', 9),
	(60, 'Démographie', 10),
	(61, 'état civil', 10),
	(62, 'élections', 10),
	(63, 'gestion funéraire', 10),
	(64, 'affaires générales', 10),
	(65, 'Connais acteurs des dispos et polit', 11),
	(66, 'Protection de l\'enfance et de l\'adolesc.', 11),
	(67, 'Insertion et développement social', 11),
	(68, 'Accueil et accompagnement des pers âgées', 11),
	(69, 'Prévention et promotion de la santé', 11),
	(70, 'Méthodologie du travail social', 11),
	(71, 'Appr. gén. de l\'act. soc. et de la santé', 11),
	(72, 'Accueil et accompagnement des pers handicapées', 11),
	(73, 'Connais. acteurs dispositifs, politiques', 12),
	(74, 'Accueil de l\'enfance et de l\'adolescence', 12),
	(75, 'Animation enfance, jeunesse', 12),
	(76, 'Organisation et production', 13),
	(77, 'Hygiène et sécurité alimentaire', 13),
	(78, 'Distribution et service', 13),
	(79, 'Equilibre nutritionnel', 13),
	(80, 'Approche génér. de la restauration', 13),
	(81, 'Connais. act dispositifs, polit act cult', 14),
	(82, 'Gestion et enrichissement des fonds', 14),
	(83, 'Diffusion, promot, protection juridique', 14),
	(84, 'Protect dév du patri architec et archéo', 14),
	(85, 'Enseignement artistique', 14),
	(86, 'Programmation et techniques du spectacle', 14),
	(87, 'Tech de documentat et d\'information', 14),
	(88, 'Approche générale de l\'action culturelle', 14),
	(89, 'Polit géné d\'environ et gest des ress.', 15),
	(90, 'Résorption des nuisances et pollutions', 15),
	(91, 'Production d\'eau potable', 15),
	(92, 'Traitement des eaux usées', 15),
	(93, 'Biologie, hygiène alim et santé animale', 15),
	(94, 'Collecte, trait et gestion des déchets', 15),
	(95, 'Connaissance des act.,des dispo.des pol.', 15),
	(96, 'Maintenance des moyens techniques', 15),
	(97, 'Prév et opér d\'incendie et de secours', 16),
	(98, 'Sûreté et sécurité dans la ville', 16),
	(99, 'Prév et gest des risques tech et nat.', 16),
	(100, 'Prévention et protection du public', 16),
	(101, 'Sécurité des agents au travail', 16),
	(102, 'Responsabilité du personnel d?encadrement ', 16),
	(103, 'Plan de prévention entreprises extérieures intervenantes', 16),
	(104, 'Travail sur écran', 16),
	(105, 'Fonction achat des équipements dans une logique d?ergonomie', 16),
	(106, 'Formation des ACMO', 16),
	(107, 'Formation des membres du CHS', 16),
	(108, 'Nuisances sonores', 16),
	(109, 'Equipement de protection individuelle (EPI)', 16),
	(110, 'Document unique', 16),
	(111, 'Prévention et Secours Civiques de niveau ?PSC1-', 16),
	(112, 'SST', 16),
	(113, 'SSIAP 1', 16),
	(114, 'Utilisation du CMSI et du SSI', 16),
	(115, 'Initiation à la lutte contre l?incendie', 16),
	(116, 'Habilitations électriques', 16),
	(117, 'CACES', 16),
	(118, 'Signalisation temporaire des zones d?intervention', 16),
	(119, 'Manutention de ponts roulants', 16),
	(120, 'Risque routier', 16),
	(121, 'FCOS', 16),
	(122, 'Permis Poids lourd', 16),
	(123, 'Soudure', 16),
	(124, 'Utilisation de la débroussailleuse', 16),
	(125, 'Utilisation de la tronçonneuse', 16),
	(126, 'Manutentions manuelles et mécaniques de charges', 16),
	(127, 'Montage et démontage des échafaudages, scènes, podiums', 16),
	(128, 'Utilisation des produits phyto sanitaires', 16),
	(129, 'Gestion des déchets industriels et ménagers', 16),
	(130, 'Maîtrise du risque infectieux en milieu médico social', 16),
	(131, 'Nettoyage et désinfection des locaux', 16),
	(132, 'Fonction achat des produits d?entretien', 16),
	(133, 'Gestion du stress', 16),
	(134, 'Gestion des phénomènes agressifs', 16),
	(135, 'HACCP', 16),
	(136, 'Hygiène des aliments', 16),
	(137, 'Architecture et construction', 17),
	(138, 'Infrastructures et réseaux', 17),
	(139, 'Espaces verts et paysage', 17),
	(140, 'Maint des bâtiments tt corps d\'état', 17),
	(141, 'Maîtrise de l\'énergie', 17),
	(142, 'Maintenance des moyens techniques', 17),
	(143, 'Connais. acteurs disp politiq dév territ', 18),
	(144, 'Aménag, urbanisme et act foncière', 18),
	(145, 'Politique de l\'habitat logement social', 18),
	(146, 'Action économique', 18),
	(147, 'Développement touristique', 18),
	(148, 'Déplacements et transports', 18),
	(149, 'Connais. acteurs disp politiq sportives', 19),
	(150, 'Enseignement des prat sportives', 19),
	(151, 'Entretien des matériels sportifs', 19),
	(152, 'Orientation formative, posit évaluation', 20),
	(153, 'Remise à niveau', 20),
	(154, 'Acquisition de connaissances', 20),
	(155, 'Méthodo et entraînement aux épreuves', 20),
	(156, 'Sensibilisation générale', 21),
	(157, 'Marchés publics et développement durable', 21),
	(158, 'Energies et approche environnementale', 21),
	(159, 'Eco labels et certifications', 21);

INSERT INTO `Chorus_acte_juridique` (`id`, `libelle`, `code`) VALUES
	(1, '1 - Contrat Initial', '001'),
	(2, '2 - Contrat Complémentaire', '002'),
	(3, '3 - Contrat sur la Base d\'un Accord Cadre', '003'),
	(4, '4 - Marché de Définition', '004'),
	(5, '5 - Autre', '005');

INSERT INTO `Chorus_Code_Calcul_Interets` (`id`, `libelle`, `code`) VALUES
	(1, 'Taux BCE (B1)', 'B1'),
	(2, 'Taux BCE Majoré (B2)', 'B2'),
	(3, 'Taux légal (L1)', 'L1'),
	(4, 'Taux légal Majoré (L2)', 'L2'),
	(5, 'Taux zéro (T0 IM)', 'T0');

INSERT INTO `Chorus_conditions_paiements` (`id`, `libelle`, `code`) VALUES
	(1, 'Paiement immédiat', 'Z000'),
	(2, 'Paiement à 5 jours', 'Z005'),
	(3, 'Paiement à 15 jours', 'Z015'),
	(4, 'Paiement à 30 jours', 'Z030'),
	(5, 'Paiement à 35 jours', 'Z035'),
	(6, 'Paiement à 45 jours', 'Z045'),
	(7, 'Paiement à 50 jours', 'Z050'),
	(8, 'Paiement à 60 jours', 'Z060'),
	(9, 'Paiement le 08 du mois suivant', 'ZF08'),
	(10, 'Paiement le 15 du mois suivant', 'ZF15'),
	(11, 'Paiement le dernier jour du mois suivant', 'ZFMS'),
	(12, 'Paiement le 25 du mois', 'ZG25'),
	(13, 'RNF - Facture interne (Fournisseur)', 'ZINT'),
	(14, 'Paiement PME', 'ZPME'),
	(15, 'Titre d\'un débiteur privé', 'ZR11'),
	(16, 'TP arrêt recouvrement par retenue', 'ZR15'),
	(17, 'Débiteur public ou para public', 'ZR20'),
	(18, 'Etat', 'ZR21'),
	(19, 'Administration ou collectivité locale', 'ZR22'),
	(20, 'Organisme ou établissement Public', 'ZR23'),
	(21, 'Apurement par compensation', 'ZR30'),
	(22, 'Retenues sur paie', 'ZR31'),
	(23, 'Retenues sur une dépense', 'ZR32'),
	(24, 'Retenues sur pension', 'ZR33'),
	(25, 'Titre émis par un correspondant', 'ZR40'),
	(26, 'Taxe parafiscale', 'ZR42'),
	(27, 'Titre aide juridictionnelle', 'ZR44');

INSERT INTO `Chorus_forme_prix` (`id`, `libelle`, `code`) VALUES
	(1, '1 - Prix Fermes', '001'),
	(2, '2 - Prix Fermes Actualisables', '002'),
	(3, '3 - Prix Révisables', '003');

INSERT INTO `Chorus_groupement_achat` (`id`, `organisme`, `id_oa`, `libelle`, `code`, `actif`) VALUES
	(1, '', 1, 'GA 01D', '01D', 1),
	(2, '', 1, 'GA 2', 'GA2', 1),
	(3, '', 2, 'GA 3', 'GA3', 1),
	(4, '', 2, 'GA 4', 'GA4', 1),
	(5, '', 3, 'GA 5', 'GA5', 1),
	(6, '', 3, 'GA 6', 'GA6', 1);

INSERT INTO `Chorus_organisation_achat` (`id`, `organisme`, `libelle`, `code`, `actif`) VALUES
	(1, '', 'OA Justice', 'C001', 1),
	(2, '', 'OA 2', 'C002', 1),
	(3, '', 'OA 3', 'C003', 1),
	(4, '', 'OA 4', 'C004', 1);

INSERT INTO `Chorus_type_marche` (`id`, `libelle`, `code`) VALUES
	(1, 'Subventions', 'ZSUB'),
	(2, 'Marché à BDC', 'ZMBC'),
	(3, 'MAPA à BDC', 'ZMPC'),
	(4, 'MAPA à tranches', 'ZMPT'),
	(5, 'MAPA unique', 'ZMPU'),
	(6, 'MAPA mixte', 'ZMPX'),
	(7, 'Marché à tranches', 'ZMT'),
	(8, 'Marché unique', 'ZMU'),
	(9, 'Marché mixte', 'ZMX');

INSERT INTO `Chorus_type_procedure` (`id`, `libelle`, `code`) VALUES
	(1, 'Appel d\'offres ouvert', '001'),
	(2, 'Appel d\'offres restreint', '002'),
	(3, 'Procédure négociée après publicité préalable et mise en concurrence', '003'),
	(4, 'Procédure négociée sans publicité préalable et sans mise en concurrence', '004'),
	(5, 'Procédure spécifique à certains marchés de la défense', '005'),
	(6, 'Dialogue compétitif', '006'),
	(7, 'Concours', '007'),
	(8, 'Système d\'acquisition dynamique', '008'),
	(9, 'Procédure adaptée ("MAPA")', '009'),
	(10, 'Autre', '010');

INSERT INTO `configuration_plateforme` (`id_auto`, `code_cpv`, `multi_linguisme_entreprise`, `gestion_fournisseurs_docs_mes_sous_services`, `authenticate_inscrit_by_cert`, `authenticate_inscrit_by_login`, `base_qualifiee_entreprise_insee`, `gestion_boamp_mes_sous_services`, `gestion_bi_cle_mes_sous_services`, `nom_entreprise_toujours_visible`, `gestion_jal_mes_sous_services`, `choix_langue_affichage_consultation`, `compte_entreprise_donnees_complementaires`, `annuaire_entites_achat_visible_par_entreprise`, `affichage_recherche_avancee_agent_ac_sad_transversaux`, `encheres_entreprise`, `socle_interne`, `module_certificat`, `socle_externe_agent`, `afficher_image_organisme`, `socle_externe_entreprise`, `portail_defense_entreprise`, `compte_entreprise_province`, `compte_entreprise_telephone3`, `compte_entreprise_tax_prof`, `compte_entreprise_rcville`, `compte_entreprise_declaration_honneur`, `compte_entreprise_qualification`, `compte_entreprise_moyens_techniques`, `compte_entreprise_prestations_realisees`, `compte_entreprise_chiffre_affaire_production_biens_services`, `enveloppe_offre_technique`, `compte_inscrit_choix_profil`, `procedure_adaptee`, `compte_entreprise_siren`, `compte_entreprise_activation_inscription_par_agent`, `menu_entreprise_consultations_en_cours`, `compte_entreprise_capital_social`, `mail_activation_compte_inscrit_entreprise`, `decision_date_notification`, `decision_pmi_pme`, `decision_nature_prestations`, `decision_objet_marche`, `decision_note`, `decision_fiche_recensement`, `registre_papier_mail_obligatoire`, `menu_entreprise_indicateurs_cles`, `ajout_rpa_champ_email`, `ajout_rpa_champ_telephone`, `ajout_rpa_champ_fax`, `entreprise_poser_question_sans_pj`, `url_demarche_agent`, `url_demarche_entreprise`, `siret_detail_entite_achat`, `presence_elu`, `gerer_mon_service`, `depouillement_enveloppe_depend_RAT_enveloppe_precedente`, `consultation_adresse_retrais_dossiers`, `consultation_adresse_depot_offres`, `consultation_caution_provisoire`, `consultation_lieu_ouverture_plis`, `consultation_qualification`, `consultation_agrement`, `consultation_echantillons_demandes`, `consultation_reunion`, `consultation_visite_des_lieux`, `consultation_prix_acquisition`, `resultat_analyse_avant_decision`, `creation_inscrit_par_ates`, `consultation_variantes_autorisees`, `recherche_avancee_par_type_org`, `menu_agent_societes_exclues`, `recherche_avancee_par_domaines_activite`, `recherche_avancee_par_qualification`, `recherche_avancee_par_agrement`, `contact_administratif_dans_detail_consultation_cote_entreprise`, `consultation_pieces_dossiers`, `gerer_adresses_service`, `traduire_annonces`, `afficher_bloc_actions_dans_details_annonces`, `autoriser_une_seule_reponse_principale_par_entreprise`, `generation_avis`, `passation_appliquer_donnees_ensemble_lots`, `autre_annonce_extrait_pv`, `autre_annonce_rapport_achevement`, `ajout_fichier_joint_autre_annonce`, `consultation_mode_passation`, `compte_entreprise_identifiant_unique`, `gerer_certificats_agent`, `autre_annonce_programme_previsionnel`, `annuler_consultation`, `cfe_entreprise_accessible_par_agent`, `compte_entreprise_code_nace_referentiel`, `code_nut_lt_referentiel`, `lieux_execution`, `compte_entreprise_domaine_activite_lt_referentiel`, `consultation_domaines_activites_lt_referentiel`, `compte_entreprise_agrement_lt_referentiel`, `compte_entreprise_qualification_lt_referentiel`, `reponse_pas_a_pas`, `agent_controle_format_mot_de_passe`, `entreprise_validation_email_inscription`, `telecharger_dce_avec_authentification`, `authentification_basic`, `reglement_consultation`, `annonces_marches`, `cfe_date_fin_validite_obligatoire`, `associer_documents_cfe_consultation`, `compte_entreprise_region`, `compte_entreprise_telephone2`, `compte_entreprise_cnss`, `compte_entreprise_rcnum`, `compte_entreprise_domaine_activite`, `compte_inscrit_code_nic`, `compte_entreprise_code_ape`, `compte_entreprise_documents_commerciaux`, `compte_entreprise_agrement`, `compte_entreprise_moyens_humains`, `compte_entreprise_activite_domaine_defense`, `compte_entreprise_donnees_financieres`, `enveloppe_anonymat`, `publicite_format_xml`, `article_133_generation_pf`, `entreprise_repondre_consultation_apres_cloture`, `telechargement_outil_verif_horodatage`, `affichage_code_cpv`, `consultation_domaines_activites`, `statistiques_mesure_demat`, `publication_procure`, `menu_entreprise_toutes_les_consultations`, `compte_entreprise_cp_obligatoire`, `annuler_depot`, `traduire_entite_achat_arabe`, `traduire_organisme_arabe`, `decision_cp`, `decision_tranche_budgetaire`, `decision_classement`, `decision_afficher_detail_candidat_par_defaut`, `article_133_upload_fichier`, `multi_linguisme_agent`, `compte_entreprise_ifu`, `gestion_organisme_par_agent`, `utiliser_lucene`, `utiliser_page_html_lieux_execution`, `prado_validateur_format_date`, `prado_validateur_format_email`, `socle_externe_ppp`, `validation_format_champs_stricte`, `poser_question_necessite_authentification`, `autoriser_modif_profil_inscrit_ates`, `unicite_reference_consultation`, `registre_papier_rcnum_rcville_obligatoires`, `registre_papier_adresse_cp_ville_obligatoires`, `telecharger_dce_sans_identification`, `gestion_entreprise_par_agent`, `autoriser_caracteres_speciaux_dans_reference`, `inscription_libre_entreprise`, `afficher_code_service`, `authenticate_agent_by_login`, `authenticate_agent_by_cert`, `generer_acte_dengagement`, `entreprise_controle_format_mot_de_passe`, `autre_annonce_information`, `creer_autre_annonce`, `consultation_clause`, `panier_entreprise`, `parametrage_publicite_par_type_procedure`, `export_decision`, `regle_mise_en_ligne_par_entite_coordinatrice`, `gestion_newsletter`, `publicite_opoce`, `gestion_modeles_formulaire`, `gestion_adresses_facturation_JAL`, `publicite_marches_en_ligne`, `lieu_ouverture_plis_obligatoire`, `dossier_additif`, `type_marche`, `type_prestation`, `afficher_tjr_bloc_caracteristique_reponse`, `alerte_metier`, `bourse_a_la_sous_traitance`, `partager_consultation`, `annuaire_acheteurs_publics`, `entreprise_actions_groupees`, `publier_guides`, `recherche_auto_completion`, `statut_compte_entreprise`, `gestion_organismes`, `accueil_entreprise_personnalise`, `interface_module_sub`, `authentification_agent_multi_organismes`, `lieux_execution_carte`, `surcharge_referentiels`, `Mode_Restriction_RGS`, `autre_annonce_decision_resiliation`, `autre_annonce_synthese_rapport_audit`, `fiche_weka`, `generation_automatique_mdp_agent`, `generation_automatique_mdp_inscrit`, `liste_ac_rgs`, `liste_cons_org`, `marche_public_simplifie_entreprise`, `archive_par_lot`, `documents_reference`, `recherches_favorites`, `synchronisation_SGMAP`) VALUES
	(1, '1', '0', '1', '0', '1', '0', '1', '1', '1', '0', '0', '0', '0', '0', '0', '0', '0', '0', '0', '0', '0', '0', '0', '0', '0', '0', '0', '0', '0', '1', '0', '0', '1', '1', '0', '0', '0', '0', '1', '1', '1', '1', '0', '1', '0', '0', '0', '0', '0', '0', '0', '0', '1', '1', '0', '0', '0', '0', '0', '0', '0', '0', '0', '0', '0', '0', '0', '0', '0', '0', '0', '0', '0', '0', '0', '0', '0', '0', '0', '0', '0', '0', '0', '0', '0', '0', '0', '0', '0', '0', '1', '0', '0', '1', '0', '0', '0', '0', '0', '1', '0', '0', '0', '1', '0', '1', '0', '0', '0', '0', '0', '0', '1', '1', '0', '0', '0', '1', '0', '1', '1', '0', '1', '0', '1', '0', '1', '1', '1', '1', '0', '0', '0', '1', '1', '0', '0', '1', '0', '0', '0', '1', '0', '1', '1', '0', '0', '0', '1', '0', '0', '0', '1', '0', '0', '1', '0', '1', '0', '0', '0', '1', '1', '0', '1', '1', '0', '0', '1', '0', '0', '0', '1', '0', '0', '0', '0', '0', '0', '0', '0', '0', '0', '0', '0', '0', '0', '0', '0', '1', '1', '1', '0', '0', '0', '0', '0', '0', '0', '0', '0', '0', '0', '0', '0');

INSERT INTO `DecisionPassationConsultation` (`id`, `libelle`, `libelle_fr`, `libelle_en`, `libelle_es`, `libelle_su`, `libelle_du`, `libelle_cz`, `libelle_ar`, `libelle_it`) VALUES
	(1, 'Poursuite', NULL, NULL, NULL, NULL, NULL, NULL, NULL, NULL),
	(2, 'Infructueux', NULL, NULL, NULL, NULL, NULL, NULL, NULL, NULL),
	(3, 'Sans suite', NULL, NULL, NULL, NULL, NULL, NULL, NULL, NULL);

INSERT INTO `DecisionPassationMarcheAVenir` (`id`, `libelle`, `libelle_fr`, `libelle_en`, `libelle_es`, `libelle_su`, `libelle_du`, `libelle_cz`, `libelle_ar`, `libelle_it`) VALUES
	(1, 'Attribué', NULL, NULL, NULL, NULL, NULL, NULL, NULL, NULL),
	(2, 'Infructueux', NULL, NULL, NULL, NULL, NULL, NULL, NULL, NULL),
	(3, 'Sans suite', NULL, NULL, NULL, NULL, NULL, NULL, NULL, NULL);

INSERT INTO `DocumentsAttaches` (`id_document`, `nom_document`, `nom_document_fr`, `nom_document_es`, `nom_document_en`, `nom_document_su`, `nom_document_du`, `nom_document_cz`, `nom_document_ar`, `nom_document_it`) VALUES
	(1, 'Certificats fiscaux 3666 volets 1 à 4', '', '', '', '', '', '', '', ''),
	(2, 'Certificats sociaux', '', '', '', '', '', '', '', ''),
	(3, 'K-BIS', '', '', '', '', '', '', '', ''),
	(4, 'DC7', '', '', '', '', '', '', '', ''),
	(5, 'Attestation d\'assurance', '', '', '', '', '', '', '', ''),
	(6, 'Certificat de congés payés', '', '', '', '', '', '', '', '');

INSERT INTO `EchangeFormat` (`id`, `libelle`, `libelle_fr`, `libelle_en`, `libelle_es`, `libelle_su`, `libelle_du`, `libelle_cz`, `libelle_ar`, `libelle_it`) VALUES
	(1, 'Echange plate-forme', '', '', '', '', '', '', '', ''),
	(2, 'Courriel hors plate-forme', '', '', '', '', '', '', '', ''),
	(3, 'Courrier recommandé', '', '', '', '', '', '', '', ''),
	(4, 'Courrier simple', '', '', '', '', '', '', '', ''),
	(5, 'Télécopie', '', '', '', '', '', '', '', ''),
	(6, 'Autre', '', '', '', '', '', '', '', '');

INSERT INTO `EchangeTypeAR` (`id`, `libelle`, `libelle_fr`, `libelle_en`, `libelle_es`, `libelle_su`, `libelle_du`, `libelle_cz`, `libelle_ar`, `libelle_it`) VALUES
	(1, 'Sans objet', '', '', '', '', '', '', '', ''),
	(2, 'Non retiré', '', '', '', '', '', '', '', ''),
	(3, 'Date et heure', '', '', '', '', '', '', '', '');

INSERT INTO `EchangeTypeMessage` (`id`, `code`, `corps`) VALUES
	(1, 'DEFINE_COURRIER_NOTIFICATION', 'Votre entreprise a été déclarée attributaire de la consultation citée en référence.\nVeuillez-trouver à titre de notification le marché signé par le Représentant du Pouvoir Adjudicateur.\nL\'Accusé de réception de ce message vaut notification officielle du marché.\n'),
	(2, 'DEFINE_COURRIER_REJET', 'Nous vous remercions d\'avoir répondu à la consultation citée en référence.\nNous sommes toutefois au regret de vous annoncer que votre réponse n\'a pas été retenue par le Représentant du Pouvoir Adjudicateur.\nCordialement,\n'),
	(3, 'DEFINE_AVERTISSEMENT_MODIFICATION_CONSULTATION', 'La consultation citée en référence a été modifiée.\nLes éléments modifiés sont : [à préciser au cas par cas]\nCordialement,\n'),
	(4, 'DEFINE_COURRIER_LIBRE', '\nTEXTE COURRIER LIBRE\n'),
	(5, 'DEFINE_COURRIER_DEMANDE_COMPLEMENT', 'Nous vous remercions d\'avoir répondu à la consultation citée en référence.\nAprès analyse, il vous est demandé d\'apporter les précisions suivantes : [à préciser au cas par cas].\nLa réponse à ces questions peut se faire via l\'application, à partir de la page d\'accès à cette demande de complément.\nIl est nécessaire de disposer d\'un Compte entreprise sur l\'application pour accéder à cette réponse.\nCordialement,'),
	(6, 'DEFINE_COURRIER_REPONSE_A_QUESTION', 'TEXTE REPONSE A QUESTION\r\n'),
	(7, 'DEFINE_AVERTISSEMENT_ANNULATION_CONSULTATION', 'La consultation citée en référence a été annulée. Cordialement,');

INSERT INTO `Entreprise` (`id`, `admin_id`, `siren`, `repmetiers`, `nom`, `adresse`, `codepostal`, `villeadresse`, `paysadresse`, `email`, `taille`, `formejuridique`, `villeenregistrement`, `motifNonIndNum`, `ordreProfOuAgrement`, `dateConstSociete`, `nomOrgInscription`, `adrOrgInscription`, `dateConstAssoc`, `dateConstAssocEtrangere`, `nomPersonnePublique`, `nationalite`, `redressement`, `paysenregistrement`, `sirenEtranger`, `numAssoEtrangere`, `debutExerciceGlob1`, `finExerciceGlob1`, `debutExerciceGlob2`, `finExerciceGlob2`, `debutExerciceGlob3`, `finExerciceGlob3`, `ventesGlob1`, `ventesGlob2`, `ventesGlob3`, `biensGlob1`, `biensGlob2`, `biensGlob3`, `servicesGlob1`, `servicesGlob2`, `servicesGlob3`, `totalGlob1`, `totalGlob2`, `totalGlob3`, `codeape`, `libelle_ape`, `origine_compte`, `telephone`, `fax`, `site_internet`, `description_activite`, `activite_domaine_defense`, `annee_cloture_exercice1`, `annee_cloture_exercice2`, `annee_cloture_exercice3`, `effectif_moyen1`, `effectif_moyen2`, `effectif_moyen3`, `effectif_encadrement1`, `effectif_encadrement2`, `effectif_encadrement3`, `pme1`, `pme2`, `pme3`, `adresse2`, `nicSiege`, `acronyme_pays`, `date_creation`, `date_modification`, `id_initial`, `region`, `province`, `telephone2`, `telephone3`, `cnss`, `rc_num`, `rc_ville`, `domaines_activites`, `num_tax`, `documents_commerciaux`, `intitule_documents_commerciaux`, `taille_documents_commerciaux`, `qualification`, `agrement`, `moyens_technique`, `moyens_humains`, `compte_actif`, `capital_social`, `ifu`, `id_agent_createur`, `nom_agent`, `prenom_agent`, `adresses_electroniques`, `visible_bourse`, `type_collaboration`, `entreprise_EA`, `entreprise_SIAE`, `saisie_manuelle`) VALUES
    (1, 0, '444914568', '', 'SOCIETEST', '231, rue Saint-Honoré', '75001', 'Paris', 'France', NULL, NULL, 'SA', NULL, NULL, NULL, NULL, NULL, NULL, NULL, NULL, NULL, NULL, NULL, 'FR', '', NULL, '', '', '', '', '', '', '', '', '', '', '', '', '', '', '', '', '', '', '6202A', NULL, NULL, '', '', '', '', '', '', '', '', 0, 0, 0, 0, 0, 0, NULL, NULL, NULL, '', '00019', 'FR', '', '', 0, NULL, NULL, NULL, NULL, NULL, NULL, NULL, NULL, NULL, NULL, NULL, NULL, NULL, NULL, NULL, NULL, 1, '', '', 0, '', '', NULL, '0', NULL, '0', '0', '0'),
    (2, 0, '313955866', '', 'ENTREDEMO', '83, rue Mederic', '50110', 'Cherbourg', 'France', NULL, NULL, 'SARL', NULL, NULL, NULL, NULL, NULL, NULL, NULL, NULL, NULL, NULL, NULL, 'FR', '', NULL, '', '', '', '', '', '', '', '', '', '', '', '', '', '', '', '', '', '', '5630Z', NULL, NULL, '', '', '', '', '', '', '', '', 0, 0, 0, 0, 0, 0, NULL, NULL, NULL, '', '00014', 'FR', '', '', 0, NULL, NULL, NULL, NULL, NULL, NULL, NULL, NULL, NULL, NULL, NULL, NULL, NULL, NULL, NULL, NULL, 1, '', '', 0, '', '', NULL, '0', NULL, '0', '0', '0'),
    (3, 0, '482281094', '', 'COMPANESSAI', '6, rue Emile Expert', '26000', 'Valence', 'France', NULL, NULL, 'SARL', NULL, NULL, NULL, NULL, NULL, NULL, NULL, NULL, NULL, NULL, NULL, 'FR', '', NULL, '', '', '', '', '', '', '', '', '', '', '', '', '', '', '', '', '', '', '7010Z', NULL, NULL, '', '', '', '', '', '', '', '', 0, 0, 0, 0, 0, 0, NULL, NULL, NULL, '', '00011', 'FR', '', '', 0, NULL, NULL, NULL, NULL, NULL, NULL, NULL, NULL, NULL, NULL, NULL, NULL, NULL, NULL, NULL, NULL, 1, '', '', 0, '', '', NULL, '0', NULL, '0', '0', '0');

INSERT INTO `EtatConsultation` (`id_etat`, `code_etat`, `abreviation_etat`, `visible`) VALUES
	(1, 'DEFINE_PREPARATION', 'P', 0),
	(2, 'DEFINE_CONSULTATION', 'C', 0),
	(3, 'DEFINE_OUVERTURE_ANALYSE', 'OA', 1),
	(4, 'DEFINE_DECISION', 'D', 1),
	(5, 'DEFINE_A_ARCHIVER', 'AA', 1),
	(6, 'DEFINE_TEXT_ARCHIVE_REALISEE', 'AR', 1);

INSERT INTO `Faq_Entreprise` (`id`, `question`, `question_fr`, `question_en`, `question_es`, `reponse`, `reponse_fr`, `reponse_en`, `reponse_es`, `question_it`, `reponse_it`, `theme`, `ordre`) VALUES
	(1, 'Que faire si l\'applet Java ne se charge pas ?', 'Que faire si l\'applet Java ne se charge pas ?', 'How to proceed if the Java applet does not load?', '¿Qué pasa si el applet de Java no se carga?', '<p>Vérifier que votre poste est conforme aux "Conditions d\'utilisation" du site qui présente les pré-requis d\'installation et de configuration des postes de travail (ex : version de la machine java, fichiers à installer, etc.).</p>', '<p>Vérifier que votre poste est conforme aux "Conditions d\'utilisation" du site qui présente les pré-requis d\'installation et de configuration des postes de travail (ex : version de la machine java, fichiers à installer, etc.).</p>', '<p>Make sure your equipment and system meet all the requirements defined in the "Terms of use" section (e.g.: Java version, file download, etc.).</p>', '<p>Compruebe que su puesto está en conformidad con "las condiciones de uso" del sitio que presenta los requisitos previos de instalación y configuración de los puestos de trabajo (por ejemplo, la versión de la máquina para instalar los archivos java, etc.).</p>', '', '', '', 0),
	(2, 'Que dois-je faire lorsque lors de la remise d\'une réponse, le message suivant s\'affiche "Les fichiers d\'autorisation de chiffrement cryptographique sont absents de votre poste, veuillez vous conférer aux conditions d\'utilisation?" ?', 'Que dois-je faire lorsque lors de la remise d\'une réponse, le message suivant s\'affiche "Les fichiers d\'autorisation de chiffrement cryptographique sont absents de votre poste, veuillez vous conférer aux conditions d\'utilisation?" ?', 'How to proceed if I get the following message while submitting a bid "Les fichiers d\'autorisation de chiffrement cryptographique sont absents de votre poste, veuillez vous conférer aux conditions d\'utilisation"?', '¿Qué debo hacer cuando al momento de presentar una respuesta, el siguiente mensaje "Les fichiers d\'autorisation de chiffrement cryptographique sont absents de votre poste, veuillez vous conférer aux conditions d\'utilisation" ?', '<p>Les "Conditions d\'utilisation" indiquent la marche à suivre pour installer ces fichiers manquants.</p>', '<p>Les "Conditions d\'utilisation" indiquent la marche à suivre pour installer ces fichiers manquants.</p>', '<p>You will find the procedure to follow in the "Terms of use" section in order to install the missing files.</p>', '<p>Las "Condiciones de utilización" muestran cómo instalar estos archivos que faltan.</p>', '', '', '', 0),
	(3, 'Que faire si j\'ai oublié mon identifiant ou mon mot de passe de connexion ?', 'Que faire si j\'ai oublié mon identifiant ou mon mot de passe de connexion ?', 'How to proceed if I have lost my ID and password?', '¿Qué sucede si olvido mi nombre de usuario o mi contraseña de inicio de sesión?', '<p>La fonction "Mot de passe oublié" vous permet de recevoir votre identifiant et votre nouveau mot de passe.</p>', '<p>La fonction "Mot de passe oublié" vous permet de recevoir votre identifiant et votre nouveau mot de passe.</p>', '<p>Click the "Forgotten password" link and fill in your e-mail address to retrieve your ID and password.</p>', '<p>La función "¿Olvidaste tu contraseña?" le permite recibir su login y contraseña.</p>', '', '', '', 0),
	(4, 'Que faire si je ne retrouve pas une consultation restreinte sur la PMI ?', 'Que faire si je ne retrouve pas une consultation restreinte sur la PMI ?', 'I cannot find a restricted tender on the PMI website. What can I do?', '¿Qué sucede si no se encuentra un procedimiento restringido?', '<p>Il est nécessaire d\'utiliser le moteur de recherche avancée avec la référence et le code d\'accès transmis par le pouvoir adjudicateur. Vous aurez ainsi accès aux données de la consultation restreinte. En cas de difficulté, contactez l\'assistance téléphonique.</p>', '<p>Il est nécessaire d\'utiliser le moteur de recherche avancée avec la référence et le code d\'accès transmis par le pouvoir adjudicateur. Vous aurez ainsi accès aux données de la consultation restreinte. En cas de difficulté, contactez l\'assistance téléphonique.</p>', '<p>Use the advanced search page to search the reference and the access code provided by the public entity.<br />You will then have access to the restricted tender.<br />If you encounter any problem, please contact our hotline.</p>', '<p>Es necesario utilizar la búsqueda avanzada con la referencia y el código de acceso transmitido por la autoridad contratante.<br />Usted tendrá acceso a los datos del procedimiento restringido.<br />En caso de dificultad, póngase en contacto con la línea directa.</p>', '', '', '', 0),
	(5, 'Est ce que l\'entreprise reçoit un AR quand elle pose une question via la plate-forme ?', 'Est ce que l\'entreprise reçoit un AR quand elle pose une question via la plate-forme ?', 'Does the company receive an AR (acknowledgement of receipt) when submitting a question on the platform?', '¿La empresa recibe un AR cuando ella hace una pregunta a través de la plataforma?', '<p>Non. Seuls les dépôts de plis donnent lieu à un accusé de réception.</p>', '<p>Non. Seuls les dépôts de plis donnent lieu à un accusé de réception.</p>', '<p>No. An acknowledgement of receipt is sent to those submitting a bid only.</p>', '<p>No. Sólo los depósitos de pliegues dan lugar a un recibo.</p>', '', '', '', 0),
	(6, 'Pourquoi je ne retrouve pas une consultation publique sur le portail ?', 'Pourquoi je ne retrouve pas une consultation publique sur le portail ?', 'Why can not I find a public tender on the portal?', '¿Por qué no puedo encontrar una consulta pública en el portal?', '<p>Veuillez vérifier que la date limite de remise des plis n\'est pas déjà passée. Si ce n\'est pas le cas, vérifiez votre requête ou assurez-vous que la consultation n\'a pas été retirée par le Pouvoir adjudicateur.</p>', '<p>Veuillez vérifier que la date limite de remise des plis n\'est pas déjà passée. Si ce n\'est pas le cas, vérifiez votre requête ou assurez-vous que la consultation n\'a pas été retirée par le Pouvoir adjudicateur.</p>', '<p>Please make sure the closing date has not passed. Otherwise, make sure the tender has not been removed by the public entity.</p>', '<p>Por favor, verifique que la fecha límite para la presentación de los pliegues no ha pasado. Si este no es el caso, compruebe su solicitud o asegúrese de que la consulta no ha sido retirada por la Autoridad contratante.</p>', '', '', '', 0),
	(7, 'Pourquoi n\'ai-je pas reçu d\'accusé de réception par courriel après mon dépôt de pli ?', 'Pourquoi n\'ai-je pas reçu d\'accusé de réception par courriel après mon dépôt de pli ?', 'Why haven\'t I received any AR by mail after I submitted my envelop?', '¿Por qué no recibo un acuse por correo después de la presentación de mi pliego?', '<p>L\'application vous envoie un AR par courriel lorsque l\'écran de confirmation de bonne réception de votre envoi s\'affiche.\r\nVérifier que votre adresse électronique a été correctement saisie dans votre compte sur la plate-forme, ou que ce courriel ne se trouve pas dans vos courriels indésirables.</p>', '<p>L\'application vous envoie un AR par courriel lorsque l\'écran de confirmation de bonne réception de votre envoi s\'affiche.\r\nVérifier que votre adresse électronique a été correctement saisie dans votre compte sur la plate-forme, ou que ce courriel ne se trouve pas dans vos courriels indésirables.</p>', '<p>You will receive an AR by mail once a confirmation message is displayed on screen. <br />Make sure the email address has been correctly entered in your account or check your spam folder.</p>', '<p>La aplicación le envía un AR por correo electrónico cuando la pantalla de confirmación de recibo de su envío aparece. <br />Compruebe que su dirección de correo electrónico está escrito correctamente en su cuenta en la plataforma, o que el correo electrónico no está en su correo basura.</p>', '', '', '', 0),
	(8, 'Les enveloppes de candidature ou d\'offre peuvent-elles être envoyées au format PDF?', 'Les enveloppes de candidature ou d\'offre peuvent-elles être envoyées au format PDF?', 'Can the application /bid envelops be sent in a PDF format?', '¿Los sobres de candidatura u ofertas pueden ser enviados en formato PDF?', '<p>Non. Seul le format ZIP est accepté.</p>', '<p>Non. Seul le format ZIP est accepté.</p>', '<p>No. ZIP is the only format allowed.</p>', '<p>No. Sólo el formato ZIP es aceptado.</p>', '', '', '', 0);

INSERT INTO `Fcsp_Mandataire` (`id_auto`, `id`, `organisme`, `libelle`) VALUES
	(1, 1, '', 'Mandataire UL - SOGEFI'),
	(2, 2, '', 'Mandataire UO - SIPARC'),
	(3, 3, '', 'Mandataire UO - RIALI');

INSERT INTO `formejuridique` (`formejuridique`, `ordre`, `libelle_formejuridique`, `libelle_formejuridique_fr`, `libelle_formejuridique_en`, `libelle_formejuridique_es`, `libelle_formejuridique_su`, `libelle_formejuridique_du`, `libelle_formejuridique_cz`, `libelle_formejuridique_ar`, `libelle_formejuridique_it`) VALUES
	('Autre', NULL, '', '', '', '', '', '', '', '', ''),
	('EURL', NULL, '', '', '', '', '', '', '', '', ''),
	('GIE', NULL, '', '', '', '', '', '', '', '', ''),
	('SA', NULL, '', '', '', '', '', '', '', '', ''),
	('SARL', NULL, '', '', '', '', '', '', '', '', ''),
	('SAS', NULL, '', '', '', '', '', '', '', '', ''),
	('SASU', NULL, '', '', '', '', '', '', '', '', ''),
	('SNC', NULL, '', '', '', '', '', '', '', '', '');

INSERT INTO `GeolocalisationN0` (`id`, `denomination`, `denomination_fr`, `denomination_en`, `denomination_es`, `type`, `libelle_selectionner`, `libelle_selectionner_fr`, `libelle_selectionner_en`, `libelle_selectionner_es`, `libelle_tous`, `libelle_tous_fr`, `libelle_tous_en`, `libelle_tous_es`, `libelle_Aucun`, `libelle_Aucun_fr`, `libelle_Aucun_en`, `libelle_Aucun_es`, `denomination_ar`, `libelle_selectionner_ar`, `libelle_tous_ar`, `libelle_Aucun_ar`, `denomination_su`, `libelle_selectionner_su`, `libelle_tous_su`, `libelle_Aucun_su`, `denomination_du`, `libelle_selectionner_du`, `libelle_tous_du`, `libelle_Aucun_du`, `denomination_cz`, `libelle_selectionner_cz`, `libelle_tous_cz`, `libelle_Aucun_cz`, `denomination_it`, `libelle_selectionner_it`, `libelle_tous_it`, `libelle_Aucun_it`) VALUES
	(1, 'France métropolitaine', 'France métropolitaine', 'Metropolitan France', 'Francia Metropolitana', 2, 'Sélectionner par département(s)', 'Sélectionner par département(s)', 'Select by department(s)', 'Seleccionar por Departamento(s)', 'Tous les départements', 'Tous les départements', 'All departments', 'Todos los Departamentos', 'Aucun département', 'Aucun département', 'No Department', 'Ningún Departamento', '', '', '', '', '', '', '', '', '', '', '', '', '', '', '', '', '', '', '', ''),
	(2, 'France - Collectivité(s) d\'Outre-Mer', 'France - Collectivité(s) d\'Outre-Mer', 'France - overseas community', 'Francia - Colectividade(s) de Ultra-Mar', 0, 'Sélectionner par collectivité(s)', 'Sélectionner par collectivité(s)', 'Select by community', 'Seleccionar por Colectividade(s)', 'Toutes les collectivités', 'Toutes les collectivités', 'All community', 'Todas las Colectividades', 'Aucune collectivité', 'Aucune collectivité', 'No community', 'Ninguna Colectividad', '', '', '', '', '', '', '', '', '', '', '', '', '', '', '', '', '', '', '', ''),
	(3, 'Autre(s) pays', 'Autre(s) pays', 'Others countries', 'Otro(s) pais(es)', 1, 'Sélectionner par pays', 'Sélectionner par pays', 'Select by country', 'Seleccionar por pais(es)', 'Tous les pays', 'Tous les pays', 'All countries', 'Todos los pais(es)', 'Aucun pays', 'Aucun pays', 'No countries', 'Ningún pais', '', '', '', '', '', '', '', '', '', '', '', '', '', '', '', '', '', '', '', '');

INSERT INTO `GeolocalisationN1` (`id`, `id_geolocalisationN0`, `denomination1`, `denomination2`, `denomination1_ar`, `denomination2_ar`, `denomination1_fr`, `denomination2_fr`, `denomination1_en`, `denomination2_en`, `denomination1_es`, `denomination2_es`, `denomination1_su`, `denomination2_su`, `denomination1_du`, `denomination2_du`, `denomination1_cz`, `denomination2_cz`, `denomination1_it`, `denomination2_it`) VALUES
	(40, 1, 'Alsace', '', '', '', '', '', '', '', '', '', '', '', '', '', '', '', '', ''),
	(41, 1, 'Aquitaine', '', '', '', '', '', '', '', '', '', '', '', '', '', '', '', '', ''),
	(42, 1, 'Auvergne', '', '', '', '', '', '', '', '', '', '', '', '', '', '', '', '', ''),
	(43, 1, 'Basse-Normandie', '', '', '', '', '', '', '', '', '', '', '', '', '', '', '', '', ''),
	(44, 1, 'Bourgogne', '', '', '', '', '', '', '', '', '', '', '', '', '', '', '', '', ''),
	(45, 1, 'Bretagne', '', '', '', '', '', '', '', '', '', '', '', '', '', '', '', '', ''),
	(46, 1, 'Centre', '', '', '', '', '', '', '', '', '', '', '', '', '', '', '', '', ''),
	(48, 1, 'Corse', '', '', '', '', '', '', '', '', '', '', '', '', '', '', '', '', ''),
	(49, 1, 'Franche-Comté', '', '', '', '', '', '', '', '', '', '', '', '', '', '', '', '', ''),
	(50, 1, 'Haute-Normandie', '', '', '', '', '', '', '', '', '', '', '', '', '', '', '', '', ''),
	(51, 1, 'Champagne-Ardenne', '', '', '', '', '', '', '', '', '', '', '', '', '', '', '', '', ''),
	(52, 1, 'Ile-de-France', '', '', '', '', '', '', '', '', '', '', '', '', '', '', '', '', ''),
	(53, 1, 'Languedoc-Roussillon', '', '', '', '', '', '', '', '', '', '', '', '', '', '', '', '', ''),
	(54, 1, 'Limousin', '', '', '', '', '', '', '', '', '', '', '', '', '', '', '', '', ''),
	(55, 1, 'Lorraine', '', '', '', '', '', '', '', '', '', '', '', '', '', '', '', '', ''),
	(56, 1, 'Midi-Pyrénées', '', '', '', '', '', '', '', '', '', '', '', '', '', '', '', '', ''),
	(57, 1, 'Nord-Pas-de-Calais', '', '', '', '', '', '', '', '', '', '', '', '', '', '', '', '', ''),
	(58, 1, 'Pays-de-la-Loire', '', '', '', '', '', '', '', '', '', '', '', '', '', '', '', '', ''),
	(59, 1, 'Picardie', '', '', '', '', '', '', '', '', '', '', '', '', '', '', '', '', ''),
	(60, 1, 'Poitou-Charentes', '', '', '', '', '', '', '', '', '', '', '', '', '', '', '', '', ''),
	(61, 1, 'Provence-Alpes Côte d\'Azur', '', '', '', '', '', '', '', '', '', '', '', '', '', '', '', '', ''),
	(62, 1, 'Rhône-Alpes', '', '', '', '', '', '', '', '', '', '', '', '', '', '', '', '', ''),
	(233, 2, 'Départements d\'Outre-Mer', '', '', '', '', '', '', '', '', '', '', '', '', '', '', '', '', ''),
	(234, 3, 'Pays', '', '', '', '', '', '', '', '', '', '', '', '', '', '', '', '', ''),
	(235, 3, 'Pays', '', '', '', '', '', '', '', '', '', '', '', '', '', '', '', '', ''),
	(236, 3, 'Pays', '', '', '', '', '', '', '', '', '', '', '', '', '', '', '', '', ''),
	(237, 3, 'Pays', '', '', '', '', '', '', '', '', '', '', '', '', '', '', '', '', ''),
	(238, 3, 'Pays', '', '', '', '', '', '', '', '', '', '', '', '', '', '', '', '', ''),
	(239, 3, 'Pays', '', '', '', '', '', '', '', '', '', '', '', '', '', '', '', '', ''),
	(240, 3, 'Pays', '', '', '', '', '', '', '', '', '', '', '', '', '', '', '', '', ''),
	(241, 3, 'Pays', '', '', '', '', '', '', '', '', '', '', '', '', '', '', '', '', ''),
	(242, 3, 'Pays', '', '', '', '', '', '', '', '', '', '', '', '', '', '', '', '', ''),
	(243, 3, 'Pays', '', '', '', '', '', '', '', '', '', '', '', '', '', '', '', '', ''),
	(244, 3, 'Pays', '', '', '', '', '', '', '', '', '', '', '', '', '', '', '', '', ''),
	(245, 3, 'Pays', '', '', '', '', '', '', '', '', '', '', '', '', '', '', '', '', ''),
	(246, 3, 'Pays', '', '', '', '', '', '', '', '', '', '', '', '', '', '', '', '', ''),
	(247, 3, 'Pays', '', '', '', '', '', '', '', '', '', '', '', '', '', '', '', '', ''),
	(248, 3, 'Pays', '', '', '', '', '', '', '', '', '', '', '', '', '', '', '', '', ''),
	(249, 3, 'Pays', '', '', '', '', '', '', '', '', '', '', '', '', '', '', '', '', ''),
	(250, 3, 'Pays', '', '', '', '', '', '', '', '', '', '', '', '', '', '', '', '', ''),
	(251, 3, 'Pays', '', '', '', '', '', '', '', '', '', '', '', '', '', '', '', '', ''),
	(252, 3, 'Pays', '', '', '', '', '', '', '', '', '', '', '', '', '', '', '', '', ''),
	(253, 3, 'Pays', '', '', '', '', '', '', '', '', '', '', '', '', '', '', '', '', ''),
	(254, 3, 'Pays', '', '', '', '', '', '', '', '', '', '', '', '', '', '', '', '', ''),
	(255, 3, 'Pays', '', '', '', '', '', '', '', '', '', '', '', '', '', '', '', '', ''),
	(256, 3, 'Pays', '', '', '', '', '', '', '', '', '', '', '', '', '', '', '', '', ''),
	(257, 3, 'Pays', '', '', '', '', '', '', '', '', '', '', '', '', '', '', '', '', ''),
	(258, 3, 'Pays', '', '', '', '', '', '', '', '', '', '', '', '', '', '', '', '', ''),
	(259, 3, 'Pays', '', '', '', '', '', '', '', '', '', '', '', '', '', '', '', '', ''),
	(260, 3, 'Pays', '', '', '', '', '', '', '', '', '', '', '', '', '', '', '', '', ''),
	(261, 3, 'Pays', '', '', '', '', '', '', '', '', '', '', '', '', '', '', '', '', ''),
	(262, 3, 'Pays', '', '', '', '', '', '', '', '', '', '', '', '', '', '', '', '', ''),
	(263, 3, 'Pays', '', '', '', '', '', '', '', '', '', '', '', '', '', '', '', '', ''),
	(264, 3, 'Pays', '', '', '', '', '', '', '', '', '', '', '', '', '', '', '', '', ''),
	(265, 3, 'Pays', '', '', '', '', '', '', '', '', '', '', '', '', '', '', '', '', ''),
	(266, 3, 'Pays', '', '', '', '', '', '', '', '', '', '', '', '', '', '', '', '', ''),
	(267, 3, 'Pays', '', '', '', '', '', '', '', '', '', '', '', '', '', '', '', '', ''),
	(268, 3, 'Pays', '', '', '', '', '', '', '', '', '', '', '', '', '', '', '', '', ''),
	(269, 3, 'Pays', '', '', '', '', '', '', '', '', '', '', '', '', '', '', '', '', ''),
	(270, 3, 'Pays', '', '', '', '', '', '', '', '', '', '', '', '', '', '', '', '', ''),
	(271, 3, 'Pays', '', '', '', '', '', '', '', '', '', '', '', '', '', '', '', '', ''),
	(272, 3, 'Pays', '', '', '', '', '', '', '', '', '', '', '', '', '', '', '', '', ''),
	(273, 3, 'Pays', '', '', '', '', '', '', '', '', '', '', '', '', '', '', '', '', ''),
	(274, 3, 'Pays', '', '', '', '', '', '', '', '', '', '', '', '', '', '', '', '', ''),
	(275, 3, 'Pays', '', '', '', '', '', '', '', '', '', '', '', '', '', '', '', '', ''),
	(276, 3, 'Pays', '', '', '', '', '', '', '', '', '', '', '', '', '', '', '', '', ''),
	(277, 3, 'Pays', '', '', '', '', '', '', '', '', '', '', '', '', '', '', '', '', ''),
	(278, 3, 'Pays', '', '', '', '', '', '', '', '', '', '', '', '', '', '', '', '', ''),
	(279, 3, 'Pays', '', '', '', '', '', '', '', '', '', '', '', '', '', '', '', '', ''),
	(280, 3, 'Pays', '', '', '', '', '', '', '', '', '', '', '', '', '', '', '', '', ''),
	(281, 3, 'Pays', '', '', '', '', '', '', '', '', '', '', '', '', '', '', '', '', ''),
	(282, 3, 'Pays', '', '', '', '', '', '', '', '', '', '', '', '', '', '', '', '', ''),
	(283, 3, 'Pays', '', '', '', '', '', '', '', '', '', '', '', '', '', '', '', '', ''),
	(284, 3, 'Pays', '', '', '', '', '', '', '', '', '', '', '', '', '', '', '', '', ''),
	(285, 3, 'Pays', '', '', '', '', '', '', '', '', '', '', '', '', '', '', '', '', ''),
	(286, 3, 'Pays', '', '', '', '', '', '', '', '', '', '', '', '', '', '', '', '', ''),
	(287, 3, 'Pays', '', '', '', '', '', '', '', '', '', '', '', '', '', '', '', '', ''),
	(288, 3, 'Pays', '', '', '', '', '', '', '', '', '', '', '', '', '', '', '', '', ''),
	(289, 3, 'Pays', '', '', '', '', '', '', '', '', '', '', '', '', '', '', '', '', ''),
	(290, 3, 'Pays', '', '', '', '', '', '', '', '', '', '', '', '', '', '', '', '', ''),
	(291, 3, 'Pays', '', '', '', '', '', '', '', '', '', '', '', '', '', '', '', '', ''),
	(292, 3, 'Pays', '', '', '', '', '', '', '', '', '', '', '', '', '', '', '', '', '');

INSERT INTO `GeolocalisationN2` (`id`, `id_geolocalisationN1`, `denomination1`, `denomination2`, `valeur_avec_sous_categorie`, `denomination1_ar`, `denomination2_ar`, `denomination1_fr`, `denomination2_fr`, `denomination1_en`, `denomination2_en`, `denomination1_es`, `denomination2_es`, `denomination1_su`, `denomination2_su`, `denomination1_du`, `denomination2_du`, `denomination1_cz`, `denomination2_cz`, `denomination1_it`, `denomination2_it`) VALUES
	(214, 40, '(67) Bas-Rhin', '67', '1', '', '', '', '', '', '', '', '', '', '', '', '', '', '', '', ''),
	(215, 40, '(68) Haut-Rhin', '68', '1', '', '', '', '', '', '', '', '', '', '', '', '', '', '', '', ''),
	(216, 41, '(24) Dordogne', '24', '1', '', '', '', '', '', '', '', '', '', '', '', '', '', '', '', ''),
	(217, 41, '(33) Gironde', '33', '1', '', '', '', '', '', '', '', '', '', '', '', '', '', '', '', ''),
	(218, 41, '(40) Landes', '40', '1', '', '', '', '', '', '', '', '', '', '', '', '', '', '', '', ''),
	(219, 41, '(47) Lot-et-Garonne', '47', '1', '', '', '', '', '', '', '', '', '', '', '', '', '', '', '', ''),
	(220, 41, '(64) Pyrénées-Atlantiques', '64', '1', '', '', '', '', '', '', '', '', '', '', '', '', '', '', '', ''),
	(221, 42, '(03) Allier', '03', '1', '', '', '', '', '', '', '', '', '', '', '', '', '', '', '', ''),
	(222, 42, '(15) Cantal', '15', '1', '', '', '', '', '', '', '', '', '', '', '', '', '', '', '', ''),
	(223, 42, '(43) Haute-Loire', '43', '1', '', '', '', '', '', '', '', '', '', '', '', '', '', '', '', ''),
	(224, 42, '(63) Puy-de-Dôme', '63', '1', '', '', '', '', '', '', '', '', '', '', '', '', '', '', '', ''),
	(225, 43, '(14) Calvados', '14', '1', '', '', '', '', '', '', '', '', '', '', '', '', '', '', '', ''),
	(226, 43, '(50) Manche', '50', '1', '', '', '', '', '', '', '', '', '', '', '', '', '', '', '', ''),
	(227, 43, '(61) Orne', '61', '1', '', '', '', '', '', '', '', '', '', '', '', '', '', '', '', ''),
	(228, 44, '(21) Côte-d\'Or', '21', '1', '', '', '', '', '', '', '', '', '', '', '', '', '', '', '', ''),
	(229, 44, '(58) Nièvre', '58', '1', '', '', '', '', '', '', '', '', '', '', '', '', '', '', '', ''),
	(230, 44, '(71) Saône-et-Loire', '71', '1', '', '', '', '', '', '', '', '', '', '', '', '', '', '', '', ''),
	(231, 44, '(89) Yonne', '89', '1', '', '', '', '', '', '', '', '', '', '', '', '', '', '', '', ''),
	(232, 45, '(22) Côtes-d\'Armor', '22', '1', '', '', '', '', '', '', '', '', '', '', '', '', '', '', '', ''),
	(233, 45, '(29) Finistère', '29', '1', '', '', '', '', '', '', '', '', '', '', '', '', '', '', '', ''),
	(234, 45, '(35) Ille-et-Vilaine', '35', '1', '', '', '', '', '', '', '', '', '', '', '', '', '', '', '', ''),
	(235, 45, '(56) Morbihan', '56', '1', '', '', '', '', '', '', '', '', '', '', '', '', '', '', '', ''),
	(236, 46, '(18) Cher', '18', '1', '', '', '', '', '', '', '', '', '', '', '', '', '', '', '', ''),
	(237, 46, '(28) Eure-et-Loir', '28', '1', '', '', '', '', '', '', '', '', '', '', '', '', '', '', '', ''),
	(238, 46, '(36) Indre', '36', '1', '', '', '', '', '', '', '', '', '', '', '', '', '', '', '', ''),
	(239, 46, '(37) Indre-et-Loire', '37', '1', '', '', '', '', '', '', '', '', '', '', '', '', '', '', '', ''),
	(240, 46, '(41) Loir-et-Cher', '41', '1', '', '', '', '', '', '', '', '', '', '', '', '', '', '', '', ''),
	(241, 46, '(45) Loiret', '45', '1', '', '', '', '', '', '', '', '', '', '', '', '', '', '', '', ''),
	(242, 48, '(2A) Corse-du-Sud', '2A', '1', '', '', '', '', '', '', '', '', '', '', '', '', '', '', '', ''),
	(243, 48, '(2B) Haute-Corse', '2B', '1', '', '', '', '', '', '', '', '', '', '', '', '', '', '', '', ''),
	(244, 49, '(25) Doubs', '25', '1', '', '', '', '', '', '', '', '', '', '', '', '', '', '', '', ''),
	(245, 49, '(39) Jura', '39', '1', '', '', '', '', '', '', '', '', '', '', '', '', '', '', '', ''),
	(246, 49, '(70) Haute-Saône', '70', '1', '', '', '', '', '', '', '', '', '', '', '', '', '', '', '', ''),
	(247, 49, '(90) Territoire-de-Belfort', '90', '1', '', '', '', '', '', '', '', '', '', '', '', '', '', '', '', ''),
	(248, 50, '(27) Eure', '27', '1', '', '', '', '', '', '', '', '', '', '', '', '', '', '', '', ''),
	(249, 50, '(76) Seine-Maritime', '76', '1', '', '', '', '', '', '', '', '', '', '', '', '', '', '', '', ''),
	(250, 51, '(08) Ardennes', '08', '1', '', '', '', '', '', '', '', '', '', '', '', '', '', '', '', ''),
	(251, 51, '(10) Aube', '10', '1', '', '', '', '', '', '', '', '', '', '', '', '', '', '', '', ''),
	(252, 51, '(51) Marne', '51', '1', '', '', '', '', '', '', '', '', '', '', '', '', '', '', '', ''),
	(253, 51, '(52) Haute-Marne', '52', '1', '', '', '', '', '', '', '', '', '', '', '', '', '', '', '', ''),
	(254, 52, '(75) Paris', '75', '1', '', '', '', '', '', '', '', '', '', '', '', '', '', '', '', ''),
	(255, 52, '(77) Seine-et-Marne', '77', '1', '', '', '', '', '', '', '', '', '', '', '', '', '', '', '', ''),
	(256, 52, '(78) Yvelines', '78', '1', '', '', '', '', '', '', '', '', '', '', '', '', '', '', '', ''),
	(257, 52, '(91) Essonne', '91', '1', '', '', '', '', '', '', '', '', '', '', '', '', '', '', '', ''),
	(258, 52, '(92) Hauts-de-Seine', '92', '1', '', '', '', '', '', '', '', '', '', '', '', '', '', '', '', ''),
	(259, 52, '(93) Seine-Saint-Denis', '93', '1', '', '', '', '', '', '', '', '', '', '', '', '', '', '', '', ''),
	(260, 52, '(94) Val-de-Marne', '94', '1', '', '', '', '', '', '', '', '', '', '', '', '', '', '', '', ''),
	(261, 52, '(95) Val-d\'Oise', '95', '1', '', '', '', '', '', '', '', '', '', '', '', '', '', '', '', ''),
	(262, 53, '(11) Aude', '11', '1', '', '', '', '', '', '', '', '', '', '', '', '', '', '', '', ''),
	(263, 53, '(30) Gard', '30', '1', '', '', '', '', '', '', '', '', '', '', '', '', '', '', '', ''),
	(264, 53, '(34) Hérault', '34', '1', '', '', '', '', '', '', '', '', '', '', '', '', '', '', '', ''),
	(265, 53, '(48) Lozère', '48', '1', '', '', '', '', '', '', '', '', '', '', '', '', '', '', '', ''),
	(266, 53, '(66) Pyrénées-Orientales', '66', '1', '', '', '', '', '', '', '', '', '', '', '', '', '', '', '', ''),
	(267, 54, '(19) Corrèze', '19', '1', '', '', '', '', '', '', '', '', '', '', '', '', '', '', '', ''),
	(268, 54, '(23) Creuse', '23', '1', '', '', '', '', '', '', '', '', '', '', '', '', '', '', '', ''),
	(269, 54, '(87) Haute-Vienne', '87', '1', '', '', '', '', '', '', '', '', '', '', '', '', '', '', '', ''),
	(270, 55, '(54) Meurthe-et-Moselle', '54', '1', '', '', '', '', '', '', '', '', '', '', '', '', '', '', '', ''),
	(271, 55, '(55) Meuse', '55', '1', '', '', '', '', '', '', '', '', '', '', '', '', '', '', '', ''),
	(272, 55, '(57) Moselle', '57', '1', '', '', '', '', '', '', '', '', '', '', '', '', '', '', '', ''),
	(273, 55, '(88) Vosges', '88', '1', '', '', '', '', '', '', '', '', '', '', '', '', '', '', '', ''),
	(274, 56, '(09) Ariège', '09', '1', '', '', '', '', '', '', '', '', '', '', '', '', '', '', '', ''),
	(275, 56, '(12) Aveyron', '12', '1', '', '', '', '', '', '', '', '', '', '', '', '', '', '', '', ''),
	(276, 56, '(31) Haute-Garonne', '31', '1', '', '', '', '', '', '', '', '', '', '', '', '', '', '', '', ''),
	(277, 56, '(32) Gers', '32', '1', '', '', '', '', '', '', '', '', '', '', '', '', '', '', '', ''),
	(278, 56, '(46) Lot', '46', '1', '', '', '', '', '', '', '', '', '', '', '', '', '', '', '', ''),
	(279, 56, '(65) Hautes-Pyrénées', '65', '1', '', '', '', '', '', '', '', '', '', '', '', '', '', '', '', ''),
	(280, 56, '(81) Tarn', '81', '1', '', '', '', '', '', '', '', '', '', '', '', '', '', '', '', ''),
	(281, 56, '(82) Tarn-et-Garonne', '82', '1', '', '', '', '', '', '', '', '', '', '', '', '', '', '', '', ''),
	(282, 57, '(59) Nord', '59', '1', '', '', '', '', '', '', '', '', '', '', '', '', '', '', '', ''),
	(283, 57, '(62) Pas-de-Calais', '62', '1', '', '', '', '', '', '', '', '', '', '', '', '', '', '', '', ''),
	(284, 58, '(44) Loire-Atlantique', '44', '1', '', '', '', '', '', '', '', '', '', '', '', '', '', '', '', ''),
	(285, 58, '(49) Maine-et-Loire', '49', '1', '', '', '', '', '', '', '', '', '', '', '', '', '', '', '', ''),
	(286, 58, '(53) Mayenne', '53', '1', '', '', '', '', '', '', '', '', '', '', '', '', '', '', '', ''),
	(287, 58, '(72) Sarthe', '72', '1', '', '', '', '', '', '', '', '', '', '', '', '', '', '', '', ''),
	(288, 58, '(85) Vendée', '85', '1', '', '', '', '', '', '', '', '', '', '', '', '', '', '', '', ''),
	(289, 59, '(02) Aisne', '02', '1', '', '', '', '', '', '', '', '', '', '', '', '', '', '', '', ''),
	(290, 59, '(60) Oise', '60', '1', '', '', '', '', '', '', '', '', '', '', '', '', '', '', '', ''),
	(291, 59, '(80) Somme', '80', '1', '', '', '', '', '', '', '', '', '', '', '', '', '', '', '', ''),
	(292, 60, '(16) Charente', '16', '1', '', '', '', '', '', '', '', '', '', '', '', '', '', '', '', ''),
	(293, 60, '(17) Charente-Maritime', '17', '1', '', '', '', '', '', '', '', '', '', '', '', '', '', '', '', ''),
	(294, 60, '(79) Deux-Sèvres', '79', '1', '', '', '', '', '', '', '', '', '', '', '', '', '', '', '', ''),
	(295, 60, '(86) Vienne', '86', '1', '', '', '', '', '', '', '', '', '', '', '', '', '', '', '', ''),
	(296, 61, '(04) Alpes-de-Haute-Provence', '04', '1', '', '', '', '', '', '', '', '', '', '', '', '', '', '', '', ''),
	(297, 61, '(05) Hautes-Alpes', '05', '1', '', '', '', '', '', '', '', '', '', '', '', '', '', '', '', ''),
	(298, 61, '(06) Alpes-Maritimes', '06', '1', '', '', '', '', '', '', '', '', '', '', '', '', '', '', '', ''),
	(299, 61, '(13) Bouches-du-Rhône', '13', '1', '', '', '', '', '', '', '', '', '', '', '', '', '', '', '', ''),
	(300, 61, '(83) Var', '83', '1', '', '', '', '', '', '', '', '', '', '', '', '', '', '', '', ''),
	(301, 61, '(84) Vaucluse', '84', '1', '', '', '', '', '', '', '', '', '', '', '', '', '', '', '', ''),
	(302, 62, '(01) Ain', '01', '1', '', '', '', '', '', '', '', '', '', '', '', '', '', '', '', ''),
	(303, 62, '(07) Ardèche', '07', '1', '', '', '', '', '', '', '', '', '', '', '', '', '', '', '', ''),
	(304, 62, '(26) Drôme', '26', '1', '', '', '', '', '', '', '', '', '', '', '', '', '', '', '', ''),
	(305, 62, '(38) Isère', '38', '1', '', '', '', '', '', '', '', '', '', '', '', '', '', '', '', ''),
	(306, 62, '(42) Loire', '42', '1', '', '', '', '', '', '', '', '', '', '', '', '', '', '', '', ''),
	(307, 62, '(69) Rhône', '69', '1', '', '', '', '', '', '', '', '', '', '', '', '', '', '', '', ''),
	(308, 62, '(73) Savoie', '73', '1', '', '', '', '', '', '', '', '', '', '', '', '', '', '', '', ''),
	(309, 62, '(74) Haute-Savoie', '74', '1', '', '', '', '', '', '', '', '', '', '', '', '', '', '', '', ''),
	(713, 233, 'GUADELOUPE', 'GP', '1', '', '', '', '', '', '', '', '', '', '', '', '', '', '', '', ''),
	(714, 233, 'GUYANE FRANÇAISE', 'GF', '1', '', '', '', '', '', '', '', '', '', '', '', '', '', '', '', ''),
	(715, 233, 'MARTINIQUE', 'MQ', '1', '', '', '', '', '', '', '', '', '', '', '', '', '', '', '', ''),
	(716, 233, 'MAYOTTE', 'YT', '1', '', '', '', '', '', '', '', '', '', '', '', '', '', '', '', ''),
	(717, 233, 'NOUVELLE-CALÉDONIE', 'NC', '1', '', '', '', '', '', '', '', '', '', '', '', '', '', '', '', ''),
	(718, 233, 'POLYNÉSIE FRANÇAISE', 'PF', '1', '', '', '', '', '', '', '', '', '', '', '', '', '', '', '', ''),
	(719, 233, 'RÉUNION', 'RE', '1', '', '', '', '', '', '', '', '', '', '', '', '', '', '', '', ''),
	(720, 233, 'SAINT-BARTHÉLEMY', 'BL', '1', '', '', '', '', '', '', '', '', '', '', '', '', '', '', '', ''),
	(721, 233, 'SAINT-MARTIN', 'MF', '1', '', '', '', '', '', '', '', '', '', '', '', '', '', '', '', ''),
	(722, 233, 'SAINT-PIERRE-ET-MIQUELON', 'PM', '1', '', '', '', '', '', '', '', '', '', '', '', '', '', '', '', ''),
	(723, 233, 'TERRES AUSTRALES FRANÇAISES', 'TF', '1', '', '', '', '', '', '', '', '', '', '', '', '', '', '', '', ''),
	(724, 233, 'WALLIS ET FUTUNA', 'WF', '1', '', '', '', '', '', '', '', '', '', '', '', '', '', '', '', ''),
	(6235, 234, 'AFGHANISTAN', 'AF', '1', '', '', '', '', '', '', '', '', '', '', '', '', '', '', '', ''),
	(6236, 234, 'AFRIQUE DU SUD', 'ZA', '1', '', '', '', '', '', '', '', '', '', '', '', '', '', '', '', ''),
	(6237, 234, 'ÂLAND, ÎLES', 'AX', '1', '', '', '', '', '', '', '', '', '', '', '', '', '', '', '', ''),
	(6238, 234, 'ALBANIE', 'AL', '1', '', '', '', '', '', '', '', '', '', '', '', '', '', '', '', ''),
	(6239, 234, 'ALGÉRIE', 'DZ', '1', '', '', '', '', '', '', '', '', '', '', '', '', '', '', '', ''),
	(6240, 234, 'ALLEMAGNE', 'DE', '1', '', '', '', '', '', '', '', '', '', '', '', '', '', '', '', ''),
	(6241, 234, 'ANDORRE', 'AD', '1', '', '', '', '', '', '', '', '', '', '', '', '', '', '', '', ''),
	(6242, 234, 'ANGOLA', 'AO', '1', '', '', '', '', '', '', '', '', '', '', '', '', '', '', '', ''),
	(6243, 234, 'ANGUILLA', 'AI', '1', '', '', '', '', '', '', '', '', '', '', '', '', '', '', '', ''),
	(6244, 234, 'ANTARCTIQUE', 'AQ', '1', '', '', '', '', '', '', '', '', '', '', '', '', '', '', '', ''),
	(6245, 234, 'ANTIGUA-ET-BARBUDA', 'AG', '1', '', '', '', '', '', '', '', '', '', '', '', '', '', '', '', ''),
	(6246, 234, 'ANTILLES NÉERLANDAISES', 'AN', '1', '', '', '', '', '', '', '', '', '', '', '', '', '', '', '', ''),
	(6247, 234, 'ARABIE SAOUDITE', 'SA', '1', '', '', '', '', '', '', '', '', '', '', '', '', '', '', '', ''),
	(6248, 234, 'ARGENTINE', 'AR', '1', '', '', '', '', '', '', '', '', '', '', '', '', '', '', '', ''),
	(6249, 234, 'ARMÉNIE', 'AM', '1', '', '', '', '', '', '', '', '', '', '', '', '', '', '', '', ''),
	(6250, 234, 'ARUBA', 'AW', '1', '', '', '', '', '', '', '', '', '', '', '', '', '', '', '', ''),
	(6251, 234, 'AUSTRALIE', 'AU', '1', '', '', '', '', '', '', '', '', '', '', '', '', '', '', '', ''),
	(6252, 234, 'AUTRICHE', 'AT', '1', '', '', '', '', '', '', '', '', '', '', '', '', '', '', '', ''),
	(6253, 234, 'AZERBAÏDJAN', 'AZ', '1', '', '', '', '', '', '', '', '', '', '', '', '', '', '', '', ''),
	(6254, 234, 'BAHAMAS', 'BS', '1', '', '', '', '', '', '', '', '', '', '', '', '', '', '', '', ''),
	(6255, 234, 'BAHREÏN', 'BH', '1', '', '', '', '', '', '', '', '', '', '', '', '', '', '', '', ''),
	(6256, 234, 'BANGLADESH', 'BD', '1', '', '', '', '', '', '', '', '', '', '', '', '', '', '', '', ''),
	(6257, 234, 'BARBADE', 'BB', '1', '', '', '', '', '', '', '', '', '', '', '', '', '', '', '', ''),
	(6258, 234, 'BÉLARUS', 'BY', '1', '', '', '', '', '', '', '', '', '', '', '', '', '', '', '', ''),
	(6259, 234, 'BELGIQUE', 'BE', '1', '', '', '', '', '', '', '', '', '', '', '', '', '', '', '', ''),
	(6260, 234, 'BELIZE', 'BZ', '1', '', '', '', '', '', '', '', '', '', '', '', '', '', '', '', ''),
	(6261, 234, 'BÉNIN', 'BJ', '1', '', '', '', '', '', '', '', '', '', '', '', '', '', '', '', ''),
	(6262, 234, 'BERMUDES', 'BM', '1', '', '', '', '', '', '', '', '', '', '', '', '', '', '', '', ''),
	(6263, 234, 'BHOUTAN', 'BT', '1', '', '', '', '', '', '', '', '', '', '', '', '', '', '', '', ''),
	(6264, 234, 'BOLIVIE', 'BO', '1', '', '', '', '', '', '', '', '', '', '', '', '', '', '', '', ''),
	(6265, 234, 'BOSNIE-HERZÉGOVINE', 'BA', '1', '', '', '', '', '', '', '', '', '', '', '', '', '', '', '', ''),
	(6266, 234, 'BOTSWANA', 'BW', '1', '', '', '', '', '', '', '', '', '', '', '', '', '', '', '', ''),
	(6267, 234, 'BOUVET, ÎLE', 'BV', '1', '', '', '', '', '', '', '', '', '', '', '', '', '', '', '', ''),
	(6268, 234, 'BRÉSIL', 'BR', '1', '', '', '', '', '', '', '', '', '', '', '', '', '', '', '', ''),
	(6269, 234, 'BRUNÉI DARUSSALAM', 'BN', '1', '', '', '', '', '', '', '', '', '', '', '', '', '', '', '', ''),
	(6270, 234, 'BULGARIE', 'BG', '1', '', '', '', '', '', '', '', '', '', '', '', '', '', '', '', ''),
	(6271, 234, 'BURKINA FASO', 'BF', '1', '', '', '', '', '', '', '', '', '', '', '', '', '', '', '', ''),
	(6272, 234, 'BURUNDI', 'BI', '1', '', '', '', '', '', '', '', '', '', '', '', '', '', '', '', ''),
	(6273, 234, 'CAÏMANES, ÎLES', 'KY', '1', '', '', '', '', '', '', '', '', '', '', '', '', '', '', '', ''),
	(6274, 234, 'CAMBODGE', 'KH', '1', '', '', '', '', '', '', '', '', '', '', '', '', '', '', '', ''),
	(6275, 234, 'CAMEROUN', 'CM', '1', '', '', '', '', '', '', '', '', '', '', '', '', '', '', '', ''),
	(6276, 234, 'CANADA', 'CA', '1', '', '', '', '', '', '', '', '', '', '', '', '', '', '', '', ''),
	(6277, 234, 'CAP-VERT', 'CV', '1', '', '', '', '', '', '', '', '', '', '', '', '', '', '', '', ''),
	(6278, 234, 'CENTRAFRICAINE, RÉPUBLIQUE', 'CF', '1', '', '', '', '', '', '', '', '', '', '', '', '', '', '', '', ''),
	(6279, 234, 'CHILI', 'CL', '1', '', '', '', '', '', '', '', '', '', '', '', '', '', '', '', ''),
	(6280, 234, 'CHINE', 'CN', '1', '', '', '', '', '', '', '', '', '', '', '', '', '', '', '', ''),
	(6281, 234, 'CHRISTMAS, ÎLE', 'CX', '1', '', '', '', '', '', '', '', '', '', '', '', '', '', '', '', ''),
	(6282, 234, 'CHYPRE', 'CY', '1', '', '', '', '', '', '', '', '', '', '', '', '', '', '', '', ''),
	(6283, 234, 'COCOS (KEELING), ÎLES', 'CC', '1', '', '', '', '', '', '', '', '', '', '', '', '', '', '', '', ''),
	(6284, 234, 'COLOMBIE', 'CO', '1', '', '', '', '', '', '', '', '', '', '', '', '', '', '', '', ''),
	(6285, 234, 'COMORES', 'KM', '1', '', '', '', '', '', '', '', '', '', '', '', '', '', '', '', ''),
	(6286, 234, 'CONGO', 'CG', '1', '', '', '', '', '', '', '', '', '', '', '', '', '', '', '', ''),
	(6287, 234, 'CONGO, LA RÉPUBLIQUE DÉMOCRATIQUE DU', 'CD', '1', '', '', '', '', '', '', '', '', '', '', '', '', '', '', '', ''),
	(6288, 234, 'COOK, ÎLES', 'CK', '1', '', '', '', '', '', '', '', '', '', '', '', '', '', '', '', ''),
	(6289, 234, 'CORÉE, RÉPUBLIQUE DE', 'KR', '1', '', '', '', '', '', '', '', '', '', '', '', '', '', '', '', ''),
	(6290, 234, 'CORÉE, RÉPUBLIQUE POPULAIRE DÉMOCRATIQUE DE', 'KP', '1', '', '', '', '', '', '', '', '', '', '', '', '', '', '', '', ''),
	(6291, 234, 'COSTA RICA', 'CR', '1', '', '', '', '', '', '', '', '', '', '', '', '', '', '', '', ''),
	(6292, 234, 'CÔTE D\'IVOIRE', 'CI', '1', '', '', '', '', '', '', '', '', '', '', '', '', '', '', '', ''),
	(6293, 234, 'CROATIE', 'HR', '1', '', '', '', '', '', '', '', '', '', '', '', '', '', '', '', ''),
	(6294, 234, 'CUBA', 'CU', '1', '', '', '', '', '', '', '', '', '', '', '', '', '', '', '', ''),
	(6295, 234, 'DANEMARK', 'DK', '1', '', '', '', '', '', '', '', '', '', '', '', '', '', '', '', ''),
	(6296, 234, 'DJIBOUTI', 'DJ', '1', '', '', '', '', '', '', '', '', '', '', '', '', '', '', '', ''),
	(6297, 234, 'DOMINICAINE, RÉPUBLIQUE', 'DO', '1', '', '', '', '', '', '', '', '', '', '', '', '', '', '', '', ''),
	(6298, 234, 'DOMINIQUE', 'DM', '1', '', '', '', '', '', '', '', '', '', '', '', '', '', '', '', ''),
	(6299, 234, 'ÉGYPTE', 'EG', '1', '', '', '', '', '', '', '', '', '', '', '', '', '', '', '', ''),
	(6300, 234, 'EL SALVADOR', 'SV', '1', '', '', '', '', '', '', '', '', '', '', '', '', '', '', '', ''),
	(6301, 234, 'ÉMIRATS ARABES UNIS', 'AE', '1', '', '', '', '', '', '', '', '', '', '', '', '', '', '', '', ''),
	(6302, 234, 'ÉQUATEUR', 'EC', '1', '', '', '', '', '', '', '', '', '', '', '', '', '', '', '', ''),
	(6303, 234, 'ÉRYTHRÉE', 'ER', '1', '', '', '', '', '', '', '', '', '', '', '', '', '', '', '', ''),
	(6304, 234, 'ESPAGNE', 'ES', '1', '', '', '', '', '', '', '', '', '', '', '', '', '', '', '', ''),
	(6305, 234, 'ESTONIE', 'EE', '1', '', '', '', '', '', '', '', '', '', '', '', '', '', '', '', ''),
	(6306, 234, 'ÉTATS-UNIS', 'US', '1', '', '', '', '', '', '', '', '', '', '', '', '', '', '', '', ''),
	(6307, 234, 'ÉTHIOPIE', 'ET', '1', '', '', '', '', '', '', '', '', '', '', '', '', '', '', '', ''),
	(6308, 234, 'FALKLAND, ÎLES (MALVINAS)', 'FK', '1', '', '', '', '', '', '', '', '', '', '', '', '', '', '', '', ''),
	(6309, 234, 'FÉROÉ, ÎLES', 'FO', '1', '', '', '', '', '', '', '', '', '', '', '', '', '', '', '', ''),
	(6310, 234, 'FIDJI', 'FJ', '1', '', '', '', '', '', '', '', '', '', '', '', '', '', '', '', ''),
	(6311, 234, 'FINLANDE', 'FI', '1', '', '', '', '', '', '', '', '', '', '', '', '', '', '', '', ''),
	(6313, 234, 'GABON', 'GA', '1', '', '', '', '', '', '', '', '', '', '', '', '', '', '', '', ''),
	(6314, 234, 'GAMBIE', 'GM', '1', '', '', '', '', '', '', '', '', '', '', '', '', '', '', '', ''),
	(6315, 234, 'GÉORGIE', 'GE', '1', '', '', '', '', '', '', '', '', '', '', '', '', '', '', '', ''),
	(6316, 234, 'GÉORGIE DU SUD ET LES ÎLES SANDWICH DU SUD', 'GS', '1', '', '', '', '', '', '', '', '', '', '', '', '', '', '', '', ''),
	(6317, 234, 'GHANA', 'GH', '1', '', '', '', '', '', '', '', '', '', '', '', '', '', '', '', ''),
	(6318, 234, 'GIBRALTAR', 'GI', '1', '', '', '', '', '', '', '', '', '', '', '', '', '', '', '', ''),
	(6319, 234, 'GRÈCE', 'GR', '1', '', '', '', '', '', '', '', '', '', '', '', '', '', '', '', ''),
	(6320, 234, 'GRENADE', 'GD', '1', '', '', '', '', '', '', '', '', '', '', '', '', '', '', '', ''),
	(6321, 234, 'GROENLAND', 'GL', '1', '', '', '', '', '', '', '', '', '', '', '', '', '', '', '', ''),
	(6322, 234, 'GUAM', 'GU', '1', '', '', '', '', '', '', '', '', '', '', '', '', '', '', '', ''),
	(6323, 234, 'GUATEMALA', 'GT', '1', '', '', '', '', '', '', '', '', '', '', '', '', '', '', '', ''),
	(6324, 234, 'GUERNESEY', 'GG', '1', '', '', '', '', '', '', '', '', '', '', '', '', '', '', '', ''),
	(6325, 234, 'GUINÉE', 'GN', '1', '', '', '', '', '', '', '', '', '', '', '', '', '', '', '', ''),
	(6326, 234, 'GUINÉE-BISSAU', 'GW', '1', '', '', '', '', '', '', '', '', '', '', '', '', '', '', '', ''),
	(6327, 234, 'GUINÉE ÉQUATORIALE', 'GQ', '1', '', '', '', '', '', '', '', '', '', '', '', '', '', '', '', ''),
	(6328, 234, 'GUYANA', 'GY', '1', '', '', '', '', '', '', '', '', '', '', '', '', '', '', '', ''),
	(6329, 234, 'HAÏTI', 'HT', '1', '', '', '', '', '', '', '', '', '', '', '', '', '', '', '', ''),
	(6330, 234, 'HEARD, ÎLE ET MCDONALD, ÎLES', 'HM', '1', '', '', '', '', '', '', '', '', '', '', '', '', '', '', '', ''),
	(6331, 234, 'HONDURAS', 'HN', '1', '', '', '', '', '', '', '', '', '', '', '', '', '', '', '', ''),
	(6332, 234, 'HONG-KONG', 'HK', '1', '', '', '', '', '', '', '', '', '', '', '', '', '', '', '', ''),
	(6333, 234, 'HONGRIE', 'HU', '1', '', '', '', '', '', '', '', '', '', '', '', '', '', '', '', ''),
	(6334, 234, 'ÎLE DE MAN', 'IM', '1', '', '', '', '', '', '', '', '', '', '', '', '', '', '', '', ''),
	(6335, 234, 'ÎLES MINEURES ÉLOIGNÉES DES ÉTATS-UNIS', 'UM', '1', '', '', '', '', '', '', '', '', '', '', '', '', '', '', '', ''),
	(6336, 234, 'ÎLES VIERGES BRITANNIQUES', 'VG', '1', '', '', '', '', '', '', '', '', '', '', '', '', '', '', '', ''),
	(6337, 234, 'ÎLES VIERGES DES ÉTATS-UNIS', 'VI', '1', '', '', '', '', '', '', '', '', '', '', '', '', '', '', '', ''),
	(6338, 234, 'INDE', 'IN', '1', '', '', '', '', '', '', '', '', '', '', '', '', '', '', '', ''),
	(6339, 234, 'INDONÉSIE', 'ID', '1', '', '', '', '', '', '', '', '', '', '', '', '', '', '', '', ''),
	(6340, 234, 'IRAN, RÉPUBLIQUE ISLAMIQUE D\'', 'IR', '1', '', '', '', '', '', '', '', '', '', '', '', '', '', '', '', ''),
	(6341, 234, 'IRAQ', 'IQ', '1', '', '', '', '', '', '', '', '', '', '', '', '', '', '', '', ''),
	(6342, 234, 'IRLANDE', 'IE', '1', '', '', '', '', '', '', '', '', '', '', '', '', '', '', '', ''),
	(6343, 234, 'ISLANDE', 'IS', '1', '', '', '', '', '', '', '', '', '', '', '', '', '', '', '', ''),
	(6344, 234, 'ISRAËL', 'IL', '1', '', '', '', '', '', '', '', '', '', '', '', '', '', '', '', ''),
	(6345, 234, 'ITALIE', 'IT', '1', '', '', '', '', '', '', '', '', '', '', '', '', '', '', '', ''),
	(6346, 234, 'JAMAÏQUE', 'JM', '1', '', '', '', '', '', '', '', '', '', '', '', '', '', '', '', ''),
	(6347, 234, 'JAPON', 'JP', '1', '', '', '', '', '', '', '', '', '', '', '', '', '', '', '', ''),
	(6348, 234, 'JERSEY', 'JE', '1', '', '', '', '', '', '', '', '', '', '', '', '', '', '', '', ''),
	(6349, 234, 'JORDANIE', 'JO', '1', '', '', '', '', '', '', '', '', '', '', '', '', '', '', '', ''),
	(6350, 234, 'KAZAKHSTAN', 'KZ', '1', '', '', '', '', '', '', '', '', '', '', '', '', '', '', '', ''),
	(6351, 234, 'KENYA', 'KE', '1', '', '', '', '', '', '', '', '', '', '', '', '', '', '', '', ''),
	(6352, 234, 'KIRGHIZISTAN', 'KG', '1', '', '', '', '', '', '', '', '', '', '', '', '', '', '', '', ''),
	(6353, 234, 'KIRIBATI', 'KI', '1', '', '', '', '', '', '', '', '', '', '', '', '', '', '', '', ''),
	(6354, 234, 'KOWEÏT', 'KW', '1', '', '', '', '', '', '', '', '', '', '', '', '', '', '', '', ''),
	(6355, 234, 'LAO, RÉPUBLIQUE DÉMOCRATIQUE POPULAIRE', 'LA', '1', '', '', '', '', '', '', '', '', '', '', '', '', '', '', '', ''),
	(6356, 234, 'LESOTHO', 'LS', '1', '', '', '', '', '', '', '', '', '', '', '', '', '', '', '', ''),
	(6357, 234, 'LETTONIE', 'LV', '1', '', '', '', '', '', '', '', '', '', '', '', '', '', '', '', ''),
	(6358, 234, 'LIBAN', 'LB', '1', '', '', '', '', '', '', '', '', '', '', '', '', '', '', '', ''),
	(6359, 234, 'LIBÉRIA', 'LR', '1', '', '', '', '', '', '', '', '', '', '', '', '', '', '', '', ''),
	(6360, 234, 'LIBYENNE, JAMAHIRIYA ARABE', 'LY', '1', '', '', '', '', '', '', '', '', '', '', '', '', '', '', '', ''),
	(6361, 234, 'LIECHTENSTEIN', 'LI', '1', '', '', '', '', '', '', '', '', '', '', '', '', '', '', '', ''),
	(6362, 234, 'LITUANIE', 'LT', '1', '', '', '', '', '', '', '', '', '', '', '', '', '', '', '', ''),
	(6363, 234, 'LUXEMBOURG', 'LU', '1', '', '', '', '', '', '', '', '', '', '', '', '', '', '', '', ''),
	(6364, 234, 'MACAO', 'MO', '1', '', '', '', '', '', '', '', '', '', '', '', '', '', '', '', ''),
	(6365, 234, 'MACÉDOINE, L\'EX-RÉPUBLIQUE YOUGOSLAVE DE', 'MK', '1', '', '', '', '', '', '', '', '', '', '', '', '', '', '', '', ''),
	(6366, 234, 'MADAGASCAR', 'MG', '1', '', '', '', '', '', '', '', '', '', '', '', '', '', '', '', ''),
	(6367, 234, 'MALAISIE', 'MY', '1', '', '', '', '', '', '', '', '', '', '', '', '', '', '', '', ''),
	(6368, 234, 'MALAWI', 'MW', '1', '', '', '', '', '', '', '', '', '', '', '', '', '', '', '', ''),
	(6369, 234, 'MALDIVES', 'MV', '1', '', '', '', '', '', '', '', '', '', '', '', '', '', '', '', ''),
	(6370, 234, 'MALI', 'ML', '1', '', '', '', '', '', '', '', '', '', '', '', '', '', '', '', ''),
	(6371, 234, 'MALTE', 'MT', '1', '', '', '', '', '', '', '', '', '', '', '', '', '', '', '', ''),
	(6372, 234, 'MARIANNES DU NORD, ÎLES', 'MP', '1', '', '', '', '', '', '', '', '', '', '', '', '', '', '', '', ''),
	(6373, 234, 'MAROC', 'MA', '1', '', '', '', '', '', '', '', '', '', '', '', '', '', '', '', ''),
	(6374, 234, 'MARSHALL, ÎLES', 'MH', '1', '', '', '', '', '', '', '', '', '', '', '', '', '', '', '', ''),
	(6375, 234, 'MAURICE', 'MU', '1', '', '', '', '', '', '', '', '', '', '', '', '', '', '', '', ''),
	(6376, 234, 'MAURITANIE', 'MR', '1', '', '', '', '', '', '', '', '', '', '', '', '', '', '', '', ''),
	(6377, 234, 'MEXIQUE', 'MX', '1', '', '', '', '', '', '', '', '', '', '', '', '', '', '', '', ''),
	(6378, 234, 'MICRONÉSIE, ÉTATS FÉDÉRÉS DE', 'FM', '1', '', '', '', '', '', '', '', '', '', '', '', '', '', '', '', ''),
	(6379, 234, 'MOLDOVA, RÉPUBLIQUE DE', 'MD', '1', '', '', '', '', '', '', '', '', '', '', '', '', '', '', '', ''),
	(6380, 234, 'MONACO', 'MC', '1', '', '', '', '', '', '', '', '', '', '', '', '', '', '', '', ''),
	(6381, 234, 'MONGOLIE', 'MN', '1', '', '', '', '', '', '', '', '', '', '', '', '', '', '', '', ''),
	(6382, 234, 'MONTÉNÉGRO', 'ME', '1', '', '', '', '', '', '', '', '', '', '', '', '', '', '', '', ''),
	(6383, 234, 'MONTSERRAT', 'MS', '1', '', '', '', '', '', '', '', '', '', '', '', '', '', '', '', ''),
	(6384, 234, 'MOZAMBIQUE', 'MZ', '1', '', '', '', '', '', '', '', '', '', '', '', '', '', '', '', ''),
	(6385, 234, 'MYANMAR', 'MM', '1', '', '', '', '', '', '', '', '', '', '', '', '', '', '', '', ''),
	(6386, 234, 'NAMIBIE', 'NA', '1', '', '', '', '', '', '', '', '', '', '', '', '', '', '', '', ''),
	(6387, 234, 'NAURU', 'NR', '1', '', '', '', '', '', '', '', '', '', '', '', '', '', '', '', ''),
	(6388, 234, 'NÉPAL', 'NP', '1', '', '', '', '', '', '', '', '', '', '', '', '', '', '', '', ''),
	(6389, 234, 'NICARAGUA', 'NI', '1', '', '', '', '', '', '', '', '', '', '', '', '', '', '', '', ''),
	(6390, 234, 'NIGER', 'NE', '1', '', '', '', '', '', '', '', '', '', '', '', '', '', '', '', ''),
	(6391, 234, 'NIGÉRIA', 'NG', '1', '', '', '', '', '', '', '', '', '', '', '', '', '', '', '', ''),
	(6392, 234, 'NIUÉ', 'NU', '1', '', '', '', '', '', '', '', '', '', '', '', '', '', '', '', ''),
	(6393, 234, 'NORFOLK, ÎLE', 'NF', '1', '', '', '', '', '', '', '', '', '', '', '', '', '', '', '', ''),
	(6394, 234, 'NORVÈGE', 'NO', '1', '', '', '', '', '', '', '', '', '', '', '', '', '', '', '', ''),
	(6395, 234, 'NOUVELLE-ZÉLANDE', 'NZ', '1', '', '', '', '', '', '', '', '', '', '', '', '', '', '', '', ''),
	(6396, 234, 'OCÉAN INDIEN, TERRITOIRE BRITANNIQUE DE L\'', 'IO', '1', '', '', '', '', '', '', '', '', '', '', '', '', '', '', '', ''),
	(6397, 234, 'OMAN', 'OM', '1', '', '', '', '', '', '', '', '', '', '', '', '', '', '', '', ''),
	(6398, 234, 'OUGANDA', 'UG', '1', '', '', '', '', '', '', '', '', '', '', '', '', '', '', '', ''),
	(6399, 234, 'OUZBÉKISTAN', 'UZ', '1', '', '', '', '', '', '', '', '', '', '', '', '', '', '', '', ''),
	(6400, 234, 'PAKISTAN', 'PK', '1', '', '', '', '', '', '', '', '', '', '', '', '', '', '', '', ''),
	(6401, 234, 'PALAOS', 'PW', '1', '', '', '', '', '', '', '', '', '', '', '', '', '', '', '', ''),
	(6402, 234, 'PALESTINIEN OCCUPÉ, TERRITOIRE', 'PS', '1', '', '', '', '', '', '', '', '', '', '', '', '', '', '', '', ''),
	(6403, 234, 'PANAMA', 'PA', '1', '', '', '', '', '', '', '', '', '', '', '', '', '', '', '', ''),
	(6404, 234, 'PAPOUASIE-NOUVELLE-GUINÉE', 'PG', '1', '', '', '', '', '', '', '', '', '', '', '', '', '', '', '', ''),
	(6405, 234, 'PARAGUAY', 'PY', '1', '', '', '', '', '', '', '', '', '', '', '', '', '', '', '', ''),
	(6406, 234, 'PAYS-BAS', 'NL', '1', '', '', '', '', '', '', '', '', '', '', '', '', '', '', '', ''),
	(6407, 234, 'PÉROU', 'PE', '1', '', '', '', '', '', '', '', '', '', '', '', '', '', '', '', ''),
	(6408, 234, 'PHILIPPINES', 'PH', '1', '', '', '', '', '', '', '', '', '', '', '', '', '', '', '', ''),
	(6409, 234, 'PITCAIRN', 'PN', '1', '', '', '', '', '', '', '', '', '', '', '', '', '', '', '', ''),
	(6410, 234, 'POLOGNE', 'PL', '1', '', '', '', '', '', '', '', '', '', '', '', '', '', '', '', ''),
	(6411, 234, 'PORTO RICO', 'PR', '1', '', '', '', '', '', '', '', '', '', '', '', '', '', '', '', ''),
	(6412, 234, 'PORTUGAL', 'PT', '1', '', '', '', '', '', '', '', '', '', '', '', '', '', '', '', ''),
	(6413, 234, 'QATAR', 'QA', '1', '', '', '', '', '', '', '', '', '', '', '', '', '', '', '', ''),
	(6414, 234, 'ROUMANIE', 'RO', '1', '', '', '', '', '', '', '', '', '', '', '', '', '', '', '', ''),
	(6415, 234, 'ROYAUME-UNI', 'GB', '1', '', '', '', '', '', '', '', '', '', '', '', '', '', '', '', ''),
	(6416, 234, 'RUSSIE, FÉDÉRATION DE', 'RU', '1', '', '', '', '', '', '', '', '', '', '', '', '', '', '', '', ''),
	(6417, 234, 'RWANDA', 'RW', '1', '', '', '', '', '', '', '', '', '', '', '', '', '', '', '', ''),
	(6418, 234, 'SAHARA OCCIDENTAL', 'EH', '1', '', '', '', '', '', '', '', '', '', '', '', '', '', '', '', ''),
	(6419, 234, 'SAINTE-HÉLÈNE', 'SH', '1', '', '', '', '', '', '', '', '', '', '', '', '', '', '', '', ''),
	(6420, 234, 'SAINTE-LUCIE', 'LC', '1', '', '', '', '', '', '', '', '', '', '', '', '', '', '', '', ''),
	(6421, 234, 'SAINT-KITTS-ET-NEVIS', 'KN', '1', '', '', '', '', '', '', '', '', '', '', '', '', '', '', '', ''),
	(6422, 234, 'SAINT-MARIN', 'SM', '1', '', '', '', '', '', '', '', '', '', '', '', '', '', '', '', ''),
	(6423, 234, 'SAINT-SIÈGE (ÉTAT DE LA CITÉ DU VATICAN)', 'VA', '1', '', '', '', '', '', '', '', '', '', '', '', '', '', '', '', ''),
	(6424, 234, 'SAINT-VINCENT-ET-LES GRENADINES', 'VC', '1', '', '', '', '', '', '', '', '', '', '', '', '', '', '', '', ''),
	(6425, 234, 'SALOMON, ÎLES', 'SB', '1', '', '', '', '', '', '', '', '', '', '', '', '', '', '', '', ''),
	(6426, 234, 'SAMOA', 'WS', '1', '', '', '', '', '', '', '', '', '', '', '', '', '', '', '', ''),
	(6427, 234, 'SAMOA AMÉRICAINES', 'AS', '1', '', '', '', '', '', '', '', '', '', '', '', '', '', '', '', ''),
	(6428, 234, 'SAO TOMÉ-ET-PRINCIPE', 'ST', '1', '', '', '', '', '', '', '', '', '', '', '', '', '', '', '', ''),
	(6429, 234, 'SÉNÉGAL', 'SN', '1', '', '', '', '', '', '', '', '', '', '', '', '', '', '', '', ''),
	(6430, 234, 'SERBIE', 'RS', '1', '', '', '', '', '', '', '', '', '', '', '', '', '', '', '', ''),
	(6431, 234, 'SEYCHELLES', 'SC', '1', '', '', '', '', '', '', '', '', '', '', '', '', '', '', '', ''),
	(6432, 234, 'SIERRA LEONE', 'SL', '1', '', '', '', '', '', '', '', '', '', '', '', '', '', '', '', ''),
	(6433, 234, 'SINGAPOUR', 'SG', '1', '', '', '', '', '', '', '', '', '', '', '', '', '', '', '', ''),
	(6434, 234, 'SLOVAQUIE', 'SK', '1', '', '', '', '', '', '', '', '', '', '', '', '', '', '', '', ''),
	(6435, 234, 'SLOVÉNIE', 'SI', '1', '', '', '', '', '', '', '', '', '', '', '', '', '', '', '', ''),
	(6436, 234, 'SOMALIE', 'SO', '1', '', '', '', '', '', '', '', '', '', '', '', '', '', '', '', ''),
	(6437, 234, 'SOUDAN', 'SD', '1', '', '', '', '', '', '', '', '', '', '', '', '', '', '', '', ''),
	(6438, 234, 'SRI LANKA', 'LK', '1', '', '', '', '', '', '', '', '', '', '', '', '', '', '', '', ''),
	(6439, 234, 'SUÈDE', 'SE', '1', '', '', '', '', '', '', '', '', '', '', '', '', '', '', '', ''),
	(6440, 234, 'SUISSE', 'CH', '1', '', '', '', '', '', '', '', '', '', '', '', '', '', '', '', ''),
	(6441, 234, 'SURINAME', 'SR', '1', '', '', '', '', '', '', '', '', '', '', '', '', '', '', '', ''),
	(6442, 234, 'SVALBARD ET ÎLE JAN MAYEN', 'SJ', '1', '', '', '', '', '', '', '', '', '', '', '', '', '', '', '', ''),
	(6443, 234, 'SWAZILAND', 'SZ', '1', '', '', '', '', '', '', '', '', '', '', '', '', '', '', '', ''),
	(6444, 234, 'SYRIENNE, RÉPUBLIQUE ARABE', 'SY', '1', '', '', '', '', '', '', '', '', '', '', '', '', '', '', '', ''),
	(6445, 234, 'TADJIKISTAN', 'TJ', '1', '', '', '', '', '', '', '', '', '', '', '', '', '', '', '', ''),
	(6446, 234, 'TAÏWAN, PROVINCE DE CHINE', 'TW', '1', '', '', '', '', '', '', '', '', '', '', '', '', '', '', '', ''),
	(6447, 234, 'TANZANIE, RÉPUBLIQUE-UNIE DE', 'TZ', '1', '', '', '', '', '', '', '', '', '', '', '', '', '', '', '', ''),
	(6448, 234, 'TCHAD', 'TD', '1', '', '', '', '', '', '', '', '', '', '', '', '', '', '', '', ''),
	(6449, 234, 'TCHÈQUE, RÉPUBLIQUE', 'CZ', '1', '', '', '', '', '', '', '', '', '', '', '', '', '', '', '', ''),
	(6450, 234, 'THAÏLANDE', 'TH', '1', '', '', '', '', '', '', '', '', '', '', '', '', '', '', '', ''),
	(6451, 234, 'TIMOR-LESTE', 'TL', '1', '', '', '', '', '', '', '', '', '', '', '', '', '', '', '', ''),
	(6452, 234, 'TOGO', 'TG', '1', '', '', '', '', '', '', '', '', '', '', '', '', '', '', '', ''),
	(6453, 234, 'TOKELAU', 'TK', '1', '', '', '', '', '', '', '', '', '', '', '', '', '', '', '', ''),
	(6454, 234, 'TONGA', 'TO', '1', '', '', '', '', '', '', '', '', '', '', '', '', '', '', '', ''),
	(6455, 234, 'TRINITÉ-ET-TOBAGO', 'TT', '1', '', '', '', '', '', '', '', '', '', '', '', '', '', '', '', ''),
	(6456, 234, 'TUNISIE', 'TN', '1', '', '', '', '', '', '', '', '', '', '', '', '', '', '', '', ''),
	(6457, 234, 'TURKMÉNISTAN', 'TM', '1', '', '', '', '', '', '', '', '', '', '', '', '', '', '', '', ''),
	(6458, 234, 'TURKS ET CAÏQUES, ÎLES', 'TC', '1', '', '', '', '', '', '', '', '', '', '', '', '', '', '', '', ''),
	(6459, 234, 'TURQUIE', 'TR', '1', '', '', '', '', '', '', '', '', '', '', '', '', '', '', '', ''),
	(6460, 234, 'TUVALU', 'TV', '1', '', '', '', '', '', '', '', '', '', '', '', '', '', '', '', ''),
	(6461, 234, 'UKRAINE', 'UA', '1', '', '', '', '', '', '', '', '', '', '', '', '', '', '', '', ''),
	(6462, 234, 'URUGUAY', 'UY', '1', '', '', '', '', '', '', '', '', '', '', '', '', '', '', '', ''),
	(6463, 234, 'VANUATU', 'VU', '1', '', '', '', '', '', '', '', '', '', '', '', '', '', '', '', ''),
	(6464, 234, 'VENEZUELA', 'VE', '1', '', '', '', '', '', '', '', '', '', '', '', '', '', '', '', ''),
	(6465, 234, 'VIET NAM', 'VN', '1', '', '', '', '', '', '', '', '', '', '', '', '', '', '', '', ''),
	(6466, 234, 'YÉMEN', 'YE', '1', '', '', '', '', '', '', '', '', '', '', '', '', '', '', '', ''),
	(6467, 234, 'ZAMBIE', 'ZM', '1', '', '', '', '', '', '', '', '', '', '', '', '', '', '', '', ''),
	(6468, 234, 'ZIMBABWE', 'ZW', '1', '', '', '', '', '', '', '', '', '', '', '', '', '', '', '', ''),
	(6469, 234, 'FRANCE', 'FR', '1', '', '', '', '', '', '', '', '', '', '', '', '', '', '', '', '');

INSERT INTO `HabilitationProfil` (`id`, `libelle`, `gestion_agent_pole`, `gestion_fournisseurs_envois_postaux`, `gestion_bi_cles`, `creer_consultation`, `modifier_consultation`, `valider_consultation`, `publier_consultation`, `suivre_consultation`, `suivre_consultation_pole`, `supprimer_enveloppe`, `supprimer_consultation`, `depouiller_candidature`, `depouiller_offre`, `messagerie_securisee`, `acces_registre_depots_papier`, `acces_registre_retraits_papier`, `acces_registre_questions_papier`, `gerer_encheres`, `suivre_encheres`, `suivi_entreprise`, `envoi_boamp`, `acces_classement_lot`, `connecteur_sis`, `connecteur_marco`, `repondre_aux_questions`, `appel_projet_formation`, `utiliser_client_CAO`, `notification_boamp`, `administrer_compte`, `gestion_mapa`, `gestion_type_validation`, `approuver_consultation`, `administrer_procedure`, `restreindre_creation`, `creer_liste_marches`, `gestion_commissions`, `suivi_seul_consultation`, `attribution_marche`, `fiche_recensement`, `declarer_infructueux`, `declarer_sans_suite`, `creer_consultation_transverse`, `ouvrir_candidature_en_ligne`, `ouvrir_candidature_a_distance`, `refuser_enveloppe`, `gerer_admissibilite`, `restaurer_enveloppe`, `ouvrir_offre_en_ligne`, `ouvrir_anonymat_en_ligne`, `gestion_compte_boamp`, `gestion_agents`, `gestion_habilitations`, `gerer_mapa_inferieur_montant`, `gerer_mapa_superieur_montant`, `modifier_consultation_avant_validation`, `modifier_consultation_apres_validation`, `acces_reponses`, `telechargement_groupe_anticipe_plis_chiffres`, `telechargement_unitaire_plis_chiffres`, `ouvrir_offre_a_distance`, `creer_annonce_information`, `saisie_marches`, `validation_marches`, `publication_marches`, `gerer_statistiques_metier`, `gerer_archives`, `administrer_procedures_formalisees`, `creer_annonce_attribution`, `acces_registre_retraits_electronique`, `acces_registre_questions_electronique`, `acces_registre_depots_electronique`, `validation_simple`, `validation_intermediaire`, `validation_finale`, `creer_suite_consultation`, `hyper_admin`, `droit_gestion_services`, `suivi_acces`, `statistiques_site`, `statistiques_QoS`, `ouvrir_anonymat_a_distance`, `gestion_compte_jal`, `gestion_centrale_pub`, `Gestion_Compte_Groupe_Moniteur`, `ouvrir_offre_technique_en_ligne`, `ouvrir_offre_technique_a_distance`, `activation_compte_entreprise`, `importer_enveloppe`, `suivi_seul_registre_depots_papier`, `suivi_seul_registre_retraits_papier`, `suivi_seul_registre_questions_papier`, `suivi_seul_registre_depots_electronique`, `suivi_seul_registre_retraits_electronique`, `suivi_seul_registre_questions_electronique`, `modifier_consultation_mapa_inferieur_montant_apres_validation`, `modifier_consultation_mapa_superieur_montant_apres_validation`, `modifier_consultation_procedures_formalisees_apres_validation`, `gerer_les_entreprises`, `portee_societes_exclues`, `portee_societes_exclues_tous_organismes`, `modifier_societes_exclues`, `supprimer_societes_exclues`, `resultat_analyse`, `gerer_adresses_service`, `gerer_mon_service`, `download_archives`, `creer_annonce_extrait_pv`, `creer_annonce_rapport_achevement`, `gestion_certificats_agent`, `creer_avis_programme_previsionnel`, `annuler_consultation`, `envoyer_publicite`, `liste_marches_notifies`, `suivre_message`, `envoyer_message`, `suivi_flux_chorus_transversal`, `gestion_mandataire`, `gerer_newsletter`, `gestion_modeles_formulaire`, `gestion_adresses_facturation_jal`, `administrer_adresses_facturation_jal`, `redaction_documents_redac`, `validation_documents_redac`, `gestion_mise_disposition_pieces_marche`, `annuaire_acheteur`, `reprendre_integralement_article`, `administrer_clauses`, `valider_clauses`, `administrer_canevas`, `valider_canevas`, `administrer_clauses_entite_achats`, `generer_pieces_format_odt`, `publier_version_clausier_editeur`, `administrer_clauses_editeur`, `valider_clauses_editeur`, `administrer_canevas_editeur`, `valider_canevas_editeur`, `decision_suivi_seul`, `ouvrir_candidature_hors_ligne`, `ouvrir_offre_hors_ligne`, `ouvrir_offre_technique_hors_ligne`, `ouvrir_anonymat_hors_ligne`, `espace_collaboratif_gestionnaire`, `espace_collaboratif_contributeur`, `gerer_organismes`, `gerer_associations_agents`, `module_redaction_uniquement`, `historique_navigation_inscrits`, `telecharger_accords_cadres`, `creer_annonce_decision_resiliation`, `creer_annonce_synthese_rapport_audit`, `gerer_operations`, `telecharger_siret_acheteur`, `gerer_reouvertures_modification`, `acceder_tous_telechargements`) VALUES
	(1, 'Administrateur/Acheteur', '1', '1', '1', '1', '1', '1', '1', '1', '1', '1', '1', '1', '1', '1', '1', '1', '1', '1', '1', '1', '1', '1', '1', '1', '1', '1', '1', '1', '1', '1', '1', '1', '1', '1', '1', '1', '1', '1', '1', '1', '1', '1', '1', '1', '1', '1', '1', '1', '1', '1', '1', '1', '1', '1', '1', '1', '1', '1', '1', '1', '1', '1', '1', '1', '1', '1', '1', '1', '1', '1', '1', '1', '1', '1', '1', '0', '1', '0', '1', '0', '1', '1', '1', '1', '0', '0', '0', '1', '0', '0', '0', '1', '1', '1', '1', '1', '1', '0', '0', '0', '0', '0', '0', '0', '0', '0', '0', '0', '0', '0', '0', '1', '1', '1', '1', '0', '0', '0', '0', '0', '0', '0', '0', '0', '0', '0', '0', '0', '0', '0', '0', '0', '0', '0', '0', '0', '0', '0', '1', '1', '1', '1', '0', '0', '0', '0', '0', '1', '0', '0', '0', '0', '0', '0', '0'),
	(4, 'Acheteur', '0', '0', '0', '1', '1', '0', '1', '0', '0', '0', '0', '0', '0', '0', '1', '1', '1', '1', '1', '1', '0', '0', '0', '0', '0', '0', '0', '0', '0', '0', '0', '0', '0', '0', '0', '0', '0', '1', '0', '0', '0', '1', '0', '0', '0', '0', '0', '0', '0', '1', '0', '0', '1', '1', '1', '1', '1', '1', '1', '0', '1', '1', '1', '1', '0', '1', '1', '1', '1', '1', '1', '1', '1', '1', '1', '0', '0', '0', '0', '0', '0', '1', '0', '0', '0', '0', '0', '0', '0', '0', '0', '0', '0', '0', '1', '1', '1', '0', '0', '0', '0', '0', '0', '0', '0', '0', '0', '0', '0', '0', '0', '1', '1', '1', '1', '0', '0', '0', '0', '0', '0', '0', '0', '0', '0', '0', '0', '0', '0', '0', '0', '0', '0', '0', '0', '0', '0', '0', '1', '1', '1', '1', '0', '0', '0', '0', '0', '1', '0', '0', '0', '0', '0', '0', '0'),
	(6, 'Acheteur < 90 kEUR', '0', '0', '0', '1', '1', '0', '1', '0', '0', '0', '0', '0', '0', '0', '1', '1', '1', '0', '0', '1', '0', '0', '0', '0', '0', '0', '0', '0', '0', '0', '0', '0', '0', '0', '0', '0', '0', '1', '0', '0', '0', '0', '0', '0', '0', '0', '0', '0', '0', '1', '0', '0', '1', '0', '1', '1', '1', '0', '0', '0', '1', '1', '1', '1', '0', '1', '0', '1', '1', '1', '1', '1', '1', '1', '1', '0', '0', '0', '0', '0', '0', '1', '0', '1', '0', '0', '0', '0', '0', '0', '0', '0', '0', '0', '1', '1', '1', '0', '0', '0', '0', '0', '0', '0', '0', '0', '0', '0', '0', '0', '0', '1', '1', '1', '1', '0', '0', '0', '0', '0', '0', '0', '0', '0', '0', '0', '0', '0', '0', '0', '0', '0', '0', '0', '0', '0', '0', '0', '1', '1', '1', '1', '0', '0', '0', '0', '0', '1', '0', '0', '0', '0', '0', '0', '0'),
	(12, 'Administrateur/Acheteur', '1', '1', '1', '1', '1', '1', '1', '1', '1', '1', '1', '1', '1', '1', '1', '1', '1', '1', '1', '1', '1', '1', '1', '1', '1', '1', '1', '1', '1', '1', '1', '1', '1', '1', '1', '1', '1', '1', '1', '1', '1', '1', '1', '1', '1', '1', '1', '1', '1', '1', '1', '1', '1', '1', '1', '1', '1', '1', '1', '1', '1', '1', '1', '1', '1', '1', '1', '1', '1', '1', '1', '1', '1', '1', '1', '0', '1', '0', '1', '0', '1', '1', '1', '1', '0', '0', '0', '1', '0', '0', '0', '1', '1', '1', '1', '1', '1', '0', '0', '0', '0', '0', '0', '0', '0', '0', '0', '0', '0', '0', '0', '1', '0', '1', '1', '0', '0', '0', '0', '0', '0', '0', '0', '0', '0', '0', '0', '0', '0', '0', '0', '0', '0', '0', '0', '0', '0', '0', '1', '1', '1', '1', '0', '0', '0', '0', '0', '1', '0', '0', '0', '0', '0', '0', '0'),
	(13, 'Administrateur Service', '0', '0', '0', '1', '1', '0', '1', '0', '0', '0', '0', '0', '0', '0', '1', '1', '1', '0', '0', '1', '0', '0', '0', '0', '0', '0', '0', '0', '0', '0', '0', '0', '0', '0', '0', '0', '0', '1', '0', '0', '0', '0', '0', '0', '0', '0', '0', '0', '0', '1', '1', '0', '1', '0', '1', '1', '1', '0', '0', '0', '1', '1', '1', '1', '0', '1', '0', '1', '1', '1', '1', '1', '1', '1', '1', '0', '0', '0', '0', '0', '0', '1', '0', '1', '0', '0', '0', '0', '0', '0', '0', '0', '0', '0', '1', '1', '1', '0', '0', '0', '0', '0', '0', '0', '0', '0', '0', '0', '0', '0', '0', '1', '0', '1', '1', '0', '0', '0', '0', '0', '0', '0', '0', '0', '0', '0', '0', '0', '0', '0', '0', '0', '0', '0', '0', '0', '0', '0', '1', '1', '1', '1', '0', '0', '0', '0', '0', '1', '0', '0', '0', '0', '0', '0', '0');

INSERT INTO `Inscrit` (`id`, `entreprise_id`, `id_etablissement`, `login`, `mdp`, `num_cert`, `cert`, `civilite`, `nom`, `prenom`, `adresse`, `codepostal`, `ville`, `pays`, `email`, `telephone`, `categorie`, `motstitreresume`, `periode`, `siret`, `fax`, `code_cpv`, `id_langue`, `profil`, `adresse2`, `bloque`, `id_initial`, `inscrit_annuaire_defense`, `date_creation`, `date_modification`, `tentatives_mdp`, `uid`) VALUES
    (1, 1, 0, 'mp', '91f6e575920d2d503d8597338fd1637d580f4243', NULL, NULL, 0, 'PASSET', 'Marc', '', '', '', '', 'mp@atexo.com', '0153430500', NULL, NULL, 0, '', '', NULL, NULL, 2, '', '0', 0, '0', '', '', 0, NULL),
    (2, 1, 0, 'cc', '9f107db7187c84fd1836accd91a272f496866a30', NULL, NULL, 0, 'CIVETE', 'Charles', '', '', '', '', 'cc@atexo.com', '0153430500', NULL, NULL, 0, '', '', NULL, NULL, 1, '', '0', 0, '0', '', '', 3, NULL),
    (4, 2, 0, 'mp2', '44609257f13936e49292cbd87c6d7fd6079ff095', NULL, NULL, 0, 'POLLET', 'Michel', '', '', '', '', 'mp2@atexo.com', '0153430544', NULL, NULL, 0, '', '', NULL, NULL, 2, '', '0', 0, '0', '', '', 0, NULL),
    (5, 2, 0, 'cc2', '1e090fd026721c03e6b552e951234fa45f17c2c8', NULL, NULL, 0, 'CHARON', 'Clément', '', '', '', '', 'cc2@atexo.com', '0153430550', NULL, NULL, 0, '', '', NULL, NULL, 1, '', '0', 0, '0', '', '', 0, NULL),
    (6, 3, 0, 'mp3', '1bc0264d5bf8869899640171b693092d8c4899f8', NULL, NULL, 0, 'POSTIER', 'Maxime', '', '', '', '', 'mp3@atexo.com', '0153430540', NULL, NULL, 0, '', '', NULL, NULL, 2, '', '0', 0, '0', '', '', 0, NULL),
    (7, 3, 0, 'cc3', '26aca93edcc6da566cbdcc5b9de15a277289618e', NULL, NULL, 0, 'CARLET', 'Christian', '', '', '', '', 'cc3@atexo.com', '014354069', NULL, NULL, 0, '', '', NULL, NULL, 1, '', '0', 0, '0', '', '', 0, NULL),
    (8, 1, 0, 'alerte.v3', 'b7124ab3f60eec664940f58cd11d876ae911c9e0', NULL, NULL, 0, 'ALERTE V3', 'alertev3', '', '', '', '', 'alerte.v3@atexo.com', '0153430540', NULL, NULL, 0, '', '', NULL, NULL, 1, '', '0', 0, '0', '', '', 0, NULL);

INSERT INTO `InterfaceTypeProcedure` (`id`, `type_procedure_sis`, `type_procedure_marco`, `type_procedure`) VALUES
	(1, 'ACI', NULL, 'ATR'),
	(2, 'ACR', NULL, 'ATR'),
	(3, 'AOCR', NULL, 'ATR'),
	(4, 'AOO', NULL, 'ATR'),
	(5, 'AOO2', NULL, 'AOO'),
	(6, 'AOR', NULL, 'ARC'),
	(7, 'COO', NULL, 'COO'),
	(8, 'COR', NULL, 'CRC'),
	(9, 'MNAC', NULL, 'MNE'),
	(10, 'MNAP', NULL, 'MNE'),
	(11, 'MNSC', NULL, 'MNE'),
	(12, 'MOCN', NULL, 'CRC'),
	(13, 'MOSC', NULL, 'MNE'),
	(14, 'MSF', NULL, 'ATR'),
	(15, 'MSFA', NULL, 'ACA'),
	(16, 'MSFB', NULL, 'ACS'),
	(17, 'MSFC', NULL, 'MAI'),
	(18, 'MSFR', NULL, 'ATR'),
	(19, 'PDC', NULL, 'DCC'),
	(20, NULL, '3', 'AOO'),
	(21, NULL, '4', 'ARC'),
	(22, NULL, '5', 'CRC'),
	(23, NULL, '6', 'DCC'),
	(24, NULL, '7', 'MNE'),
	(25, NULL, '8', 'MNE'),
	(26, NULL, '10', 'ATR'),
	(27, NULL, '12', 'COO'),
	(28, NULL, '13', 'MNE'),
	(29, NULL, '14', 'MNE'),
	(30, NULL, '16', 'ATR'),
	(31, NULL, '17', 'COO'),
	(32, NULL, '18', 'AOO'),
	(33, NULL, '19', 'ARC'),
	(34, NULL, '20', 'MNE'),
	(35, NULL, '21', 'MAI'),
	(36, NULL, '22', 'MAI');

INSERT INTO `Langue` (`id_langue`, `langue`, `active`, `defaut`, `theme_specifique`, `obligatoire_pour_publication_consultation`) VALUES
	(1, 'fr', '1', '1', '0', '0'),
	(2, 'en', '1', '0', '0', '0'),
	(3, 'es', '1', '0', '0', '0'),
	(4, 'cz', '0', '0', '0', '0'),
	(5, 'du', '0', '0', '0', '0'),
	(6, 'su', '0', '0', '0', '0'),
	(7, 'it', '0', '0', '0', '0');

INSERT INTO `mode_execution_contrat` (`id`, `libelle`, `libelle_fr`, `libelle_en`, `libelle_es`, `libelle_su`, `libelle_du`, `libelle_cz`, `libelle_ar`, `libelle_it`) VALUES
	(1, '1 - Ordinaire (Sans tranche, exclusivement à prix forfaitaire)', NULL, NULL, NULL, NULL, NULL, NULL, NULL, NULL),
	(2, '2 - A bons de commande (Sans tranche, exclusivement à bons de commande)', NULL, NULL, NULL, NULL, NULL, NULL, NULL, NULL),
	(3, '3 - A Tranches (Avec TF et TC, exclusivement à prix forfaitaire)', NULL, NULL, NULL, NULL, NULL, NULL, NULL, NULL),
	(4, '4 - A tranches et bons de commande (Avec TF et TC, en partie à bons de commande)', NULL, NULL, NULL, NULL, NULL, NULL, NULL, NULL),
	(5, '5 - A phases', NULL, NULL, NULL, NULL, NULL, NULL, NULL, NULL),
	(6, '6 - Autres', NULL, NULL, NULL, NULL, NULL, NULL, NULL, NULL);

INSERT INTO `nature_acte_juridique` (`id`, `libelle`, `libelle_fr`, `libelle_en`, `libelle_es`, `libelle_su`, `libelle_du`, `libelle_cz`, `libelle_ar`, `libelle_it`) VALUES
	(1, '1-Contrat initial', NULL, NULL, NULL, NULL, NULL, NULL, NULL, NULL),
	(2, '2-Contrat complémentaire', NULL, NULL, NULL, NULL, NULL, NULL, NULL, NULL),
	(3, '3-Contrat sur la base d\'un accord cadre', NULL, NULL, NULL, NULL, NULL, NULL, NULL, NULL),
	(4, '4-Marché de définition', NULL, NULL, NULL, NULL, NULL, NULL, NULL, NULL),
	(5, '5-Autre', NULL, NULL, NULL, NULL, NULL, NULL, NULL, NULL);

INSERT INTO `Referentiel` (`id_referentiel`, `libelle_referentiel`) VALUES
	(4, 'modèle avis appel d\'offre avec sélection'),
	(5, 'modèle avis concours'),
	(6, 'Type de pouvoir adjudicateur'),
	(7, ' Principale(s) activité(s) du pouvoir adjudicateu'),
	(8, ' Principale(s) activité(s) de l\'entité adjudicatrice'),
	(13, 'Type de collaboration'),
	(14, 'types de documents pour la Mise à disposition des pièces de marchés'),
	(15, 'Forme juridique du groupement attributaire'),
	(16, 'Durée  ou délai du marché'),
	(18, 'Durée  ou délai du marché'),
	(19, 'Critère(s) d\'attribution'),
	(20, 'CCAG de référence'),
	(21, 'Unité durée marché'),
	(22, 'Variation du prix'),
	(23, 'Type de Prix'),
	(24, 'Unité de prix'),
	(25, 'Rejeté, problème de tiers fournisseur '),
	(26, 'Les tranches effectis'),
	(157, 'Etapes de l\'ordre du jour de la séance'),
	(161, 'Les catégories des statistiques sur la plateforme'),
	(184, 'Civilité'),
	(185, 'Statut de la séance de commission'),
	(210, 'Liste des actions tracées côte entreprises');

INSERT INTO `Service_Mertier` (`id`, `sigle`, `denomination`, `url_acces`, `logo`, `url_deconnexion`, `ordre`) VALUES
	(1, 'MPE', 'MARCHES_PUBLICS_ELECTRONIQUES', '?page=agent.AccueilAgentAuthentifie', '', '', 0);

INSERT INTO `Service_Mertier_Profils` (`id_auto`, `id_interne`, `id_service_metier`, `id_externe`, `libelle`, `libelle_fr`, `libelle_en`, `libelle_es`, `libelle_su`, `libelle_du`, `libelle_cz`, `libelle_ar`, `libelle_it`, `show_profile_for_hyperadmin_only`) VALUES
	(1, 1, 1, 1, 'Administrateur/Acheteur', NULL, NULL, NULL, NULL, NULL, NULL, NULL, NULL, '1'),
	(2, 4, 1, 4, 'Acheteur', NULL, NULL, NULL, NULL, NULL, NULL, NULL, NULL, '0'),
	(3, 6, 1, 6, 'Acheteur < 90 kEUR', NULL, NULL, NULL, NULL, NULL, NULL, NULL, NULL, '0'),
	(4, 12, 1, 12, 'Administrateur/Acheteur', NULL, NULL, NULL, NULL, NULL, NULL, NULL, NULL, '0'),
	(5, 13, 1, 13, 'Administrateur Service', NULL, NULL, NULL, NULL, NULL, NULL, NULL, NULL, '0');

INSERT INTO `StatutEnveloppe` (`id_statut`, `description`) VALUES
	(1, 'FERMEE'),
	(2, 'DEFINE_OUVERTE_EN_LIGNE'),
	(3, 'DEFINE_OUVERTE_HORS_LIGNE'),
	(4, 'DEFINE_REFUSEE'),
	(5, 'OUVERTE'),
	(6, 'DEFINE_SUPPRIMEE'),
	(7, 'DEFINE_OUVERTE_A_DISTANCE');

INSERT INTO `TypeAvenant` (`id`, `libelle`, `libelle_fr`, `libelle_en`, `libelle_es`, `libelle_su`, `libelle_du`, `libelle_cz`, `libelle_ar`, `libelle_it`) VALUES
	(1, '1-Sans incidence financière', NULL, NULL, NULL, NULL, NULL, NULL, NULL, NULL),
	(2, '2-Avenant augmentant le montant initial', NULL, NULL, NULL, NULL, NULL, NULL, NULL, NULL),
	(3, '3-avenant diminuant le montant initial', NULL, NULL, NULL, NULL, NULL, NULL, NULL, NULL);

INSERT INTO `TypeAvis` (`id`, `intitule_avis`, `intitule_avis_fr`, `intitule_avis_en`, `intitule_avis_es`, `intitule_avis_su`, `intitule_avis_du`, `intitule_avis_cz`, `intitule_avis_ar`, `abbreviation`, `id_type_avis_ANM`, `intitule_avis_it`) VALUES
	(2, 'Annonce d\'information', 'Annonce d\'information', 'en Annonce d\'information ', 'es Annonce d\'information ', NULL, NULL, NULL, NULL, 'API', 1, NULL),
	(3, 'Annonce de consultation', 'Annonce de consultation', 'en Annonce de consultation ', 'es Annonce de consultation', NULL, NULL, NULL, NULL, 'AAPC', 2, NULL),
	(4, 'Annonce d\'attribution', 'Annonce d\'attribution', 'en Annonce d\'attribution ', 'es Annonce d\'attribution ', NULL, NULL, NULL, NULL, 'AA', 3, NULL),
	(8, 'Annonce de décision de résiliation', 'Annonce de décision de résiliation', NULL, NULL, NULL, NULL, NULL, '??????? ???? ???????', 'ADR', 0, NULL);

INSERT INTO `TypeDecision` (`id_type_decision`, `code_type_decision`) VALUES
	(2, 'DECISION_ATTRIBUTION_MARCHE'),
	(3, 'DECISION_DECLARATION_SANS_SUITE'),
	(4, 'DECISION_DECLARATION_INFRUCTUEUX'),
	(5, 'DECISION_SELECTION_ENTREPRISES'),
	(6, 'DECISION_ATTRIBUTION_DE_ACCORD_CADRE'),
	(7, 'DECISION_ADMISSION_SAD'),
	(8, 'DECISION_AUTRE'),
	(9, 'DECISION_A_RENSEIGNER');

INSERT INTO `TypeProcedure` (`id_type_procedure`, `libelle_type_procedure`, `libelle_type_procedure_fr`, `libelle_type_procedure_en`, `libelle_type_procedure_es`, `libelle_type_procedure_su`, `libelle_type_procedure_du`, `libelle_type_procedure_cz`, `libelle_type_procedure_ar`, `abbreviation`, `type_boamp`, `categorie_procedure`, `id_type_procedure_ANM`, `delai_alerte`, `mapa`, `consultation_transverse`, `code_recensement`, `abbreviation_portail_ANM`, `id_modele`, `libelle_type_procedure_it`) VALUES
	(1, 'Appel d\'offres ouvert', NULL, NULL, NULL, NULL, NULL, NULL, NULL, 'AOO', 0, 1, 1, 0, '0', '0', NULL, 'AOO', 0, NULL),
	(2, 'Appel d\'offres restreint', NULL, NULL, NULL, NULL, NULL, NULL, NULL, 'AOR', 0, 2, 2, 0, '0', '0', NULL, 'AOR', 0, NULL),
	(3, 'Procédure adaptée', NULL, NULL, NULL, NULL, NULL, NULL, NULL, 'MAPA', 0, 3, 7, 0, '1', '0', NULL, 'MAPA', 0, NULL),
	(4, 'Concours ouvert', NULL, NULL, NULL, NULL, NULL, NULL, NULL, 'COUV', 0, 4, 3, 0, '1', '0', NULL, 'COUV', 0, NULL),
	(5, 'Concours restreint', NULL, NULL, NULL, NULL, NULL, NULL, NULL, 'CRES', 0, 5, 4, 0, '0', '0', NULL, 'CRES', 0, NULL),
	(7, 'Dialogue compétitif', NULL, NULL, NULL, NULL, NULL, NULL, NULL, 'DCO', 0, 7, 6, 0, '0', '0', NULL, 'DCO', 0, NULL),
	(8, 'Marché négocié', NULL, NULL, NULL, NULL, NULL, NULL, NULL, 'MN', 0, 8, 5, 0, '0', '0', NULL, 'MN', 0, NULL),
	(15, 'Procédure autre', NULL, NULL, NULL, NULL, NULL, NULL, NULL, 'AUT', 0, 15, 8, 0, '0', '0', NULL, 'AUT', 0, NULL),
	(30, 'Accord-Cadre - Sélection des Attributaires', NULL, NULL, NULL, NULL, NULL, NULL, NULL, 'AC-PA', 1, 1, 1, 0, '0', '0', NULL, 'AC-PA', 0, NULL),
	(31, 'Accord-Cadre - Marché Subséquent', NULL, NULL, NULL, NULL, NULL, NULL, NULL, 'AC-MS', 2, 2, 3, 0, '0', '0', NULL, 'AC-MS', 0, NULL),
	(32, 'Système d\'Acquisition Dynamique - Admission', NULL, NULL, NULL, NULL, NULL, NULL, NULL, 'SAD-A', 8, 4, 8, 0, '0', '0', NULL, 'SAD-A', 0, NULL),
	(33, 'Système d\'Acquisition Dynamique - Marché Spécifique', NULL, NULL, NULL, NULL, NULL, NULL, NULL, 'SAD-MS', 8, 4, 8, 0, '0', '0', NULL, 'SAD-MS', 0, NULL);

INSERT INTO `t_flux_rss` (`id`, `tender_xml`, `nom_fichier`, `libelle`, `module`, `afficher_flux_rss`) VALUES
	(1, '<?xml version="1.0" encoding="UTF-8"?>\r\n<Transaction xmlns:xsi="http://www.w3.org/2001/XMLSchema-instance" xsi:noNamespaceSchemaLocation="C:\\projets\\mpe-3.0\\mpe\\ressources\\interface\\interfaces-Defense.xsd" Version="1.0" TimeStamp="2001-12-17T09:30:47-05:00">\r\n <Request>\r\n  <Tender category="Travaux" enCours="1"/>\r\n </Request>\r\n</Transaction>', 'rssTr.xml', 'LISTE_AVIS_EN_LIGNE_TRAVAUX', NULL, '1'),
	(2, '<?xml version="1.0" encoding="UTF-8"?>\r\n<Transaction xmlns:xsi="http://www.w3.org/2001/XMLSchema-instance" xsi:noNamespaceSchemaLocation="C:\\projets\\mpe-3.0\\mpe\\ressources\\interface\\interfaces-Defense.xsd" Version="1.0" TimeStamp="2001-12-17T09:30:47-05:00">\r\n <Request>\r\n  <Tender category="Services" enCours="1"/>\r\n </Request>\r\n</Transaction>', 'rssSr.xml', 'LISTE_AVIS_EN_LIGNE_SERVICES', NULL, '1'),
	(3, '<?xml version="1.0" encoding="UTF-8"?>\r\n<Transaction xmlns:xsi="http://www.w3.org/2001/XMLSchema-instance" xsi:noNamespaceSchemaLocation="C:\\projets\\mpe-3.0\\mpe\\ressources\\interface\\interfaces-Defense.xsd" Version="1.0" TimeStamp="2001-12-17T09:30:47-05:00">\r\n <Request>\r\n  <Tender atelierProtege="1" enCours="1"/>\r\n </Request>\r\n</Transaction>', 'rssAP.xml', 'LISTE_AVIS_EN_LIGNE_ATELIER_PROTEGE', 'ConsultationClause', '1'),
	(4, '<?xml version="1.0" encoding="UTF-8"?>\r\n<Transaction xmlns:xsi="http://www.w3.org/2001/XMLSchema-instance" xsi:noNamespaceSchemaLocation="C:\\projets\\mpe-3.0\\mpe\\ressources\\interface\\interfaces-Defense.xsd" Version="1.0" TimeStamp="2001-12-17T09:30:47-05:00">\r\n <Request>\r\n  <Tender enCours="1"/>\r\n </Request>\r\n</Transaction>', 'rssOnline.xml', 'LISTE_AVIS_EN_LIGNE', NULL, '1'),
	(5, '<?xml version="1.0" encoding="UTF-8"?>\r\n<Transaction xmlns:xsi="http://www.w3.org/2001/XMLSchema-instance" xsi:noNamespaceSchemaLocation="C:\\projets\\mpe-3.0\\mpe\\ressources\\interface\\interfaces-Defense.xsd" Version="1.0" TimeStamp="2001-12-17T09:30:47-05:00">\r\n <Request>\r\n  <Tender category="Fournitures" enCours="1"/>\r\n </Request>\r\n</Transaction>', 'rssFn.xml', 'LISTE_AVIS_EN_LIGNE_FOURNITURES', NULL, '1'),
	(6, '<?xml version="1.0" encoding="UTF-8"?>\r\n<Transaction xmlns:xsi="http://www.w3.org/2001/XMLSchema-instance" xsi:noNamespaceSchemaLocation="C:\\projets\\mpe-3.0\\mpe\\ressources\\interface\\interfaces-Defense.xsd" Version="1.0" TimeStamp="2001-12-17T09:30:47-05:00">\r\n <Request>\r\n  <Tender clauseSociale="1" enCours="1"/>\r\n </Request>\r\n</Transaction>', 'rssCS.xml', 'LISTE_AVIS_EN_LIGNE_AVEC_CLAUSES_SOCIALES', 'ConsultationClause', '1'),
	(7, '<?xml version="1.0" encoding="UTF-8"?>\r\n<Transaction xmlns:xsi="http://www.w3.org/2001/XMLSchema-instance" xsi:noNamespaceSchemaLocation="C:\\projets\\mpe-3.0\\mpe\\ressources\\interface\\interfaces-Defense.xsd" Version="1.0" TimeStamp="2001-12-17T09:30:47-05:00">\r\n <Request>\r\n  <Tender clauseEnv="1" enCours="1"/>\r\n </Request>\r\n</Transaction>', 'rssCE.xml', 'LISTE_AVIS_EN_LIGNE_AVEC_CLAUSES_ENVIRONNEMENTALES', 'ConsultationClause', '1'),
	(8, '<?xml version="1.0" encoding="UTF-8"?>\r\n<Transaction xmlns:xsi="http://www.w3.org/2001/XMLSchema-instance" xsi:noNamespaceSchemaLocation="C:\\projets\\mpe-3.0\\mpe\\ressources\\interface\\interfaces-Defense.xsd" Version="1.0" TimeStamp="2001-12-17T09:30:47-05:00">\r\n <Request>\r\n  <Tender type="AAPC" enCours="1"/>\r\n </Request>\r\n</Transaction>', 'rss.xml', NULL, NULL, '0'),
	(9, '<?xml version="1.0" encoding="UTF-8"?>\r\n<Transaction xmlns:xsi="http://www.w3.org/2001/XMLSchema-instance" xsi:noNamespaceSchemaLocation="C:\\projets\\mpe-3.0\\mpe\\ressources\\interface\\interfaces-Defense.xsd" Version="1.0" TimeStamp="2001-12-17T09:30:47-05:00">\r\n <Request>\r\n  <Tender type="AA" enCours="1"/> \r\n </Request>\r\n</Transaction>', 'rss-AA.xml', NULL, NULL, '0'),
	(10, '<?xml version="1.0" encoding="UTF-8"?>\r\n<Transaction xmlns:xsi="http://www.w3.org/2001/XMLSchema-instance" xsi:noNamespaceSchemaLocation="C:\\projets\\mpe-3.0\\mpe\\ressources\\interface\\interfaces-Defense.xsd" Version="1.0" TimeStamp="2001-12-17T09:30:47-05:00">\r\n <Request>\r\n   <Tender type="API" enCours="1"/> \r\n </Request>\r\n</Transaction>', 'rss-API.xml', NULL, NULL, '0'),
	(11, '<?xml version="1.0" encoding="UTF-8"?>\r\n<Transaction xmlns:xsi="http://www.w3.org/2001/XMLSchema-instance" xsi:noNamespaceSchemaLocation="C:\\projets\\mpe-3.0\\mpe\\ressources\\interface\\interfaces-Defense.xsd" Version="1.0" TimeStamp="2001-12-17T09:30:47-05:00">\r\n <Request>\r\n  <Tender mps="1" enCours="1"/>\r\n </Request>\r\n</Transaction>', 'rss-MPS.xml', 'LISTE_AVIS_EN_LIGNE_AVEC_MARCHE_PUBLIC_SIMPLIFIE', NULL, '1');

INSERT INTO `t_referentiel_certificat` (`id`, `nom_referentiel_certificat`, `statut_referentiel_certificat`, `nom_referentiel_fonctionnel`, `message`) VALUES
	(1, 'atx', 0, 'AC de test ATEXO', NULL),
	(2, 'europe_fr', 0, '', NULL),
	(3, 'lux', 0, '', NULL),
	(4, 'place', 0, 'Certificats de l\'Etat', NULL),
	(5, 'prisv1', 2, 'PRIS V1', NULL),
	(6, 'rgs', 0, 'RGS', NULL),
	(7, 'ATEXO', 0, 'AC de test ATEXO', NULL),
	(8, 'PLACE', 0, 'Certificats de l\'Etat', NULL),
	(9, 'PRISV1', 2, 'PRIS V1', NULL),
	(10, 'RGS1E', 0, 'RGS 1 Etoile', NULL),
	(11, 'RGS2E', 0, 'RGS 2 Etoiles', NULL),
	(12, 'RGS3E', 0, 'RGS 3 Etoiles', NULL),
	(13, 'TSL-AT', 0, 'TSL-AT', NULL),
	(14, 'TSL-BE', 0, 'TSL-BE', NULL),
	(15, 'TSL-BG', 0, 'TSL-BG', NULL),
	(16, 'TSL-CY', 0, 'TSL-CY', NULL),
	(17, 'TSL-CZ', 0, 'TSL-CZ', NULL),
	(18, 'TSL-DE', 0, 'TSL-DE', NULL),
	(19, 'TSL-DK', 0, 'TSL-DK', NULL),
	(20, 'TSL-EE', 0, 'TSL-EE', NULL),
	(21, 'TSL-EL', 0, 'TSL-EL', NULL),
	(22, 'TSL-ES', 0, 'TSL-ES', NULL),
	(23, 'TSL-FI', 0, 'TSL-FI', NULL),
	(24, 'TSL-FR', 0, 'TSL-FR', NULL),
	(25, 'TSL-HR', 0, 'TSL-HR', NULL),
	(26, 'TSL-HU', 0, 'TSL-HU', NULL),
	(27, 'TSL-IE', 0, 'TSL-IE', NULL),
	(28, 'TSL-IT', 0, 'TSL-IT', NULL),
	(29, 'TSL-LI', 0, 'TSL-LI', NULL),
	(30, 'TSL-LT', 0, 'TSL-LT', NULL),
	(31, 'TSL-LU', 0, 'TSL-LU', NULL),
	(32, 'TSL-LV', 0, 'TSL-LV', NULL),
	(33, 'TSL-MT', 0, 'TSL-MT', NULL),
	(34, 'TSL-NL', 0, 'TSL-NL', NULL),
	(35, 'TSL-NO', 0, 'TSL-NO', NULL),
	(36, 'TSL-PL', 0, 'TSL-PL', NULL),
	(37, 'TSL-PT', 0, 'TSL-PT', NULL),
	(38, 'TSL-RO', 0, 'TSL-RO', NULL),
	(39, 'TSL-SE', 0, 'TSL-SE', NULL),
	(40, 'TSL-SI', 0, 'TSL-SI', NULL),
	(41, 'TSL-SK', 0, 'TSL-SK', NULL),
	(42, 'TSL-UK', 0, 'TSL-UK', NULL);

INSERT INTO `ValeurReferentiel` (`id`, `id_referentiel`, `libelle_valeur_referentiel`, `libelle_valeur_referentiel_fr`, `libelle_valeur_referentiel_en`, `libelle_valeur_referentiel_es`, `libelle_valeur_referentiel_su`, `libelle_valeur_referentiel_du`, `libelle_valeur_referentiel_cz`, `libelle_valeur_referentiel_ar`, `libelle_2`, `libelle_valeur_referentiel_it`) VALUES
	(1, 13, 'Mandataire de groupement', 'Mandataire de groupement', '', '', '', '', '', '', '', ''),
	(1, 16, 'Solidaire', 'Solidaire', '', '', '', '', '', '', 'SOLIDAIRE', ''),
	(1, 18, 'Durée du marché', 'Durée du marché', '', '', '', '', '', '', 'DUREE_MARCHEE', ''),
	(1, 19, 'Critères énoncés ci après (par ordre de priorité décroissante)', 'Critères énoncés ci après (par ordre de priorité décroissante)', '', '', '', '', '', '', 'layerDefinitionCriteres_1', ''),
	(1, 20, 'CCAG-FCS', 'CCAG-FCS', '', '', '', '', '', '', '', ''),
	(1, 22, 'Prix révisables', 'Prix révisables', '', '', '', '', '', '', 'PRIX_REVISABLES', ''),
	(1, 23, 'Prix sur catalogues', 'Prix sur catalogues', '', '', '', '', '', '', 'PRIX_CATALOGUE', ''),
	(1, 24, 'EUR HT', 'EUR HT', '', '', '', '', '', '', '', ''),
	(1, 25, 'Le ou les tiers fournisseurs suivants n\'existent pas dans CHORUS.Veuillez contacter votre CSP pour demander la création dans CHORUS du ou des tiers fournisseurs suivants', 'Le ou les tiers fournisseurs suivants n\'existent pas dans CHORUS.Veuillez contacter votre CSP pour demander la création dans CHORUS du ou des tiers fournisseurs suivants', '', '', '', '', '', '', 'TIER_N_EXISTE_PAS', ''),
	(1, 26, 'Non renseigné', 'Non renseigné', '', '', '', '', '', '', '', ''),
	(1, 157, 'Ouverture', 'Ouverture', '', '', '', '', '', '', '', ''),
	(1, 161, 'Consultations', 'Consultations', '', '', '', '', '', '', '1;2;9;22;13;14;16;15;18;24;25', ''),
	(1, 184, 'M.', 'M.', '', '', '', '', '', '', '', ''),
	(1, 185, 'En attente d\'édition', 'En attente d\'édition', '', '', '', '', '', '', '', ''),
	(2, 13, 'Co-traitant solidaire', 'Co-traitant solidaire', '', '', '', '', '', '', '', ''),
	(2, 16, 'Conjoint', 'Conjoint', '', '', '', '', '', '', 'CONJOINT', ''),
	(2, 18, 'Délai d\'exécution des prestations', 'Délai d\'exécution des prestations', '', '', '', '', '', '', 'DELAI_EXECUTION', ''),
	(2, 19, 'Critères énoncés ci après avec leur pondération', 'Critères énoncés ci après avec leur pondération', '', '', '', '', '', '', 'layerDefinitionCriteres_2', ''),
	(2, 20, 'CCAG-MI', 'CCAG-MI', '', '', '', '', '', '', '', ''),
	(2, 22, 'Prix actualisables', 'Prix actualisables', '', '', '', '', '', '', 'PRIX_ACTUALISABLES', ''),
	(2, 23, 'Bordereau de prix', 'Bordereau de prix', '', '', '', '', '', '', 'BORDEREAU_PRIX', ''),
	(2, 24, 'EUR TTC', 'EUR TTC', '', '', '', '', '', '', '', ''),
	(2, 25, 'Le ou les tiers fournisseurs suivants existent dans CHORUS mais ne sont pas étendus sur l\'organisation d\'achat sélectionnée. Veuillez contacter votre CSP pour demander l\'extension dans CHORUS du ou des tiers fournisseurs suivants', 'Le ou les tiers fournisseurs suivants existent dans CHORUS mais ne sont pas étendus sur l\'organisation d\'achat sélectionnée. Veuillez contacter votre CSP pour demander l\'extension dans CHORUS du ou des tiers fournisseurs suivants', '', '', '', '', '', '', 'TIER_NON_ETENDU', ''),
	(2, 26, 'Unités non employeuses (pas de salarié au cours de l\'année de référence et pas d\'effectif au 31/12).', 'Unités non employeuses (pas de salarié au cours de l\'année de référence et pas d\'effectif au 31/12).', '', '', '', '', '', '', '', ''),
	(2, 157, 'Sélection des candidatures', 'Sélection des candidatures', '', '', '', '', '', '', '', ''),
	(2, 161, 'DCE', 'DCE', '', '', '', '', '', '', '5;17;6;7;8;23', ''),
	(2, 184, 'Mme', 'Mme', '', '', '', '', '', '', '', ''),
	(2, 185, 'Envoyé', 'Envoyé', '', '', '', '', '', '', '', ''),
	(3, 13, 'Co-traitant conjoint', 'Co-traitant conjoint', '', '', '', '', '', '', '', ''),
	(3, 16, 'Au choix', 'Au choix', '', '', '', '', '', '', 'AU_CHOIX', ''),
	(3, 18, 'Description libre du délai ou de la durée', 'Description libre du délai ou de la durée', '', '', '', '', '', '', 'DESCRIPTION_LIBRE', ''),
	(3, 19, 'Critère unique du prix le plus bas', 'Critère unique du prix le plus bas', '', '', '', '', '', '', 'layerDefinitionVide', ''),
	(3, 20, 'CCAG-TR', 'CCAG-TR', '', '', '', '', '', '', '', ''),
	(3, 22, 'Prix fermes', 'Prix fermes', '', '', '', '', '', '', 'PRIX_FERMES', ''),
	(3, 23, 'Autre', 'Autre', '', '', '', '', '', '', 'AUTRE', ''),
	(3, 24, 'Dossier(s)', 'Dossier(s)', '', '', '', '', '', '', '', ''),
	(3, 25, 'Le ou les tiers fournisseurs suivants existent dans CHORUS mais sont bloqués sur l\'organisation d\'achat sélectionnée. Veuillez contacter votre CSP pour demander le déblocage dans CHORUS du ou des tiers fournisseurs suivants', 'Le ou les tiers fournisseurs suivants existent dans CHORUS mais sont bloqués sur l\'organisation d\'achat sélectionnée. Veuillez contacter votre CSP pour demander le déblocage dans CHORUS du ou des tiers fournisseurs suivants', '', '', '', '', '', '', 'TIER_BLOQUE', ''),
	(3, 26, '0 salarié (n\'ayant pas d\'effectif au 31/12 mais ayant employé des salariés au cours de l\'année de référence)', '0 salarié (n\'ayant pas d\'effectif au 31/12 mais ayant employé des salariés au cours de l\'année de référence)', '', '', '', '', '', '', '', ''),
	(3, 157, 'Présentation de DCE', 'Présentation de DCE', '', '', '', '', '', '', '', ''),
	(3, 161, 'Publicités', 'Publicités', '', '', '', '', '', '', '3;4', ''),
	(3, 185, 'A archiver', 'A archiver', '', '', '', '', '', '', '', ''),
	(4, 13, 'Sous-traitant', 'Sous-traitant', '', '', '', '', '', '', '', ''),
	(4, 19, 'Critères énoncés dans le cahier des charges', 'Critères énoncés dans le cahier des charges', '', '', '', '', '', '', 'layerDefinitionVide_2', ''),
	(4, 20, 'CCAG-PI', 'CCAG-PI', '', '', '', '', '', '', '', ''),
	(4, 24, 'Jour(s)', 'Jour(s)', '', '', '', '', '', '', '', ''),
	(4, 25, 'Le ou les tiers fournisseurs suivants n\'ont pu être vérifiés dans CHORUS. Veuillez contacter l\'assistance téléphonique de PLACE afin d\'identifier la nature du problème', 'Le ou les tiers fournisseurs suivants n\'ont pu être vérifiés dans CHORUS. Veuillez contacter l\'assistance téléphonique de PLACE afin d\'identifier la nature du problème', '', '', '', '', '', '', 'TIER_ERRONE', ''),
	(4, 26, '1 ou 2 salariés', '1 ou 2 salariés', '', '', '', '', '', '', '', ''),
	(4, 157, 'Attribution', 'Attribution', '', '', '', '', '', '', '', ''),
	(4, 161, 'Réponses électroniques', 'Réponses électroniques', '', '', '', '', '', '', '10;11;12;19;20;21', ''),
	(4, 185, 'Archivé', 'Archivé', '', '', '', '', '', '', '', ''),
	(5, 20, 'CCAG-TIC', 'CCAG-TIC', '', '', '', '', '', '', '', ''),
	(5, 26, '3 à 5 salariés', '3 à 5 salariés', '', '', '', '', '', '', '', ''),
	(5, 157, 'Avenant', 'Avenant', '', '', '', '', '', '', '', ''),
	(6, 26, '6 à 9 salariés', '6 à 9 salariés', '', '', '', '', '', '', '', ''),
	(6, 157, 'Avis', 'Avis', '', '', '', '', '', '', '', ''),
	(7, 26, '10 à 19 salariés', '10 à 19 salariés', '', '', '', '', '', '', '', ''),
	(7, 157, 'Négociation', 'Négociation', '', '', '', '', '', '', '', ''),
	(8, 26, '20 à 49 salariés', '20 à 49 salariés', '', '', '', '', '', '', '', ''),
	(8, 157, 'Autre', 'Autre', '', '', '', '', '', '', '', ''),
	(9, 26, '50 à 99 salariés', '50 à 99 salariés', '', '', '', '', '', '', '', ''),
	(10, 26, '100 à 199 salariés', '100 à 199 salariés', '', '', '', '', '', '', '', ''),
	(11, 26, '200 à 249 salariés', '200 à 249 salariés', '', '', '', '', '', '', '', ''),
	(12, 26, '250 à 499 salariés', '250 à 499 salariés', '', '', '', '', '', '', '', ''),
	(13, 26, '500 à 999 salariés', '500 à 999 salariés', '', '', '', '', '', '', '', ''),
	(14, 26, '1 000 à 1 999 salariés', '1 000 à 1 999 salariés', '', '', '', '', '', '', '', ''),
	(15, 26, '2 000 à 4 999 salariés', '2 000 à 4 999 salariés', '', '', '', '', '', '', '', ''),
	(16, 26, '5 000 à 9 999 salariés', '5 000 à 9 999 salariés', '', '', '', '', '', '', '', ''),
	(17, 26, '10 000 salariés et plus', '10 000 salariés et plus', '', '', '', '', '', '', '', ''),
	(30, 4, 'à l\'appel d\'offres avec présélection', '', '', '', '', '', '', '', '01', ''),
	(33, 5, 'au concours', '', '', '', '', '', '', '', '01', ''),
	(34, 5, 'dossier du concours', '', '', '', '', '', '', '', '02', ''),
	(35, 5, 'des articles 51 et 53', '', '', '', '', '', '', '', '03', ''),
	(36, 6, 'Ministère ou toute autre autorité nationale ou fédérale, y compris leurs subdivisions régionales ou locales', '', '', '', '', '', '', '', '', ''),
	(37, 6, 'Agence/office national(e) ou fédéral(e)', '', '', '', '', '', '', '', '', ''),
	(38, 6, 'Collectivité territoriale', '', '', '', '', '', '', '', '', ''),
	(39, 6, 'Agence/office régional(e) ou local(e)', '', '', '', '', '', '', '', '', ''),
	(40, 6, 'Organisme de droit public', '', '', '', '', '', '', '', '', ''),
	(41, 6, 'Institution/agence européenne ou organisation européenne', '', '', '', '', '', '', '', '', ''),
	(42, 6, 'Autre', '', '', '', '', '', '', '', '', ''),
	(43, 7, 'Services généraux des administrations publiques', '', '', '', '', '', '', '', '<servicesGenerauxAdmPub/>', ''),
	(44, 7, 'Défense', '', '', '', '', '', '', '', '<defense/>', ''),
	(45, 7, 'Ordre et sécurité publique\r\n', '', '', '', '', '', '', '', '<ordreSecuritePub/>', ''),
	(46, 7, 'Environnement\r\n', '', '', '', '', '', '', '', '<environnement/>', ''),
	(47, 7, 'Affaires économiques et financières', '', '', '', '', '', '', '', '<affairesEcoFi/>', ''),
	(48, 7, 'Santé', '', '', '', '', '', '', '', '<sante/>', ''),
	(49, 8, 'Production, transport et distribution de gaz ou de chaleur', '', '', '', '', '', '', '', '<gazChaleur/>', ''),
	(50, 8, 'Electricités', '', '', '', '', '', '', '', '<electricites/>', ''),
	(51, 8, 'Prospection et extraction de pétrole et de gaz\r\n', '', '', '', '', '', '', '', '<gazPetrole/>', ''),
	(52, 8, 'Prospection et extraction de charbon ou autres combustibles\r\n', '', '', '', '', '', '', '', '<charbon/>', ''),
	(53, 8, 'Eau', '', '', '', '', '', '', '', '<eau/>', ''),
	(54, 8, 'Services postaux', '', '', '', '', '', '', '', '<servicesPostaux/>', ''),
	(55, 8, 'Services de chemin de fer', '', '', '', '', '', '', '', '<servicesCheminFer/>', ''),
	(56, 8, 'Services de chemin de fer urbains, de tramway ou d\'autobus\r\n', '', '', '', '', '', '', '', '<servicesCheminFerUrbains/>', ''),
	(57, 8, 'Activités portuaires\r\n', '', '', '', '', '', '', '', '<activitesPortuaires/>', ''),
	(58, 8, 'Activités aéroportuaires', '', '', '', '', '', '', '', '<activitesAeroportuaires/>', ''),
	(59, 6, 'Ministère ou toute autre autorité nationale ou fédérale, y compris leurs subdivisions régionales ou locales', '', '', '', '', '', '', '', '', ''),
	(60, 6, 'Agence/office national(e) ou fédéral(e)', '', '', '', '', '', '', '', '', ''),
	(61, 6, 'Collectivité territoriale', '', '', '', '', '', '', '', '', ''),
	(62, 6, 'Agence/office régional(e) ou local(e)', '', '', '', '', '', '', '', '', ''),
	(63, 6, 'Organisme de droit public', '', '', '', '', '', '', '', '', ''),
	(64, 6, 'Institution/agence européenne ou organisation européenne', '', '', '', '', '', '', '', '', ''),
	(65, 6, 'Autre', '', '', '', '', '', '', '', '', ''),
	(66, 7, 'Services généraux des administrations publiques', '', '', '', '', '', '', '', '<servicesGenerauxAdmPub/>', ''),
	(67, 7, 'Défense', '', '', '', '', '', '', '', '<defense/>', ''),
	(68, 7, 'Ordre et sécurité publique\r\n', '', '', '', '', '', '', '', '<ordreSecuritePub/>', ''),
	(69, 7, 'Environnement\r\n', '', '', '', '', '', '', '', '<environnement/>', ''),
	(70, 7, 'Affaires économiques et financières', '', '', '', '', '', '', '', '<affairesEcoFi/>', ''),
	(71, 7, 'Santé', '', '', '', '', '', '', '', '<sante/>', ''),
	(72, 8, 'Production, transport et distribution de gaz ou de chaleur', '', '', '', '', '', '', '', '<gazChaleur/>', ''),
	(73, 8, 'Electricités', '', '', '', '', '', '', '', '<electricites/>', ''),
	(74, 8, 'Prospection et extraction de pétrole et de gaz\r\n', '', '', '', '', '', '', '', '<gazPetrole/>', ''),
	(75, 8, 'Prospection et extraction de charbon ou autres combustibles\r\n', '', '', '', '', '', '', '', '<charbon/>', ''),
	(76, 8, 'Eau', '', '', '', '', '', '', '', '<eau/>', ''),
	(77, 8, 'Services postaux', '', '', '', '', '', '', '', '<servicesPostaux/>', ''),
	(78, 8, 'Services de chemin de fer', '', '', '', '', '', '', '', '<servicesCheminFer/>', ''),
	(79, 8, 'Services de chemin de fer urbains, de tramway ou d\'autobus\r\n', '', '', '', '', '', '', '', '<servicesCheminFerUrbains/>', ''),
	(80, 8, 'Activités portuaires\r\n', '', '', '', '', '', '', '', '<activitesPortuaires/>', ''),
	(81, 8, 'Activités aéroportuaires', '', '', '', '', '', '', '', '<activitesAeroportuaires/>', ''),
	(82, 6, 'Ministère ou toute autre autorité nationale ou fédérale, y compris leurs subdivisions régionales ou locales', '', '', '', '', '', '', '', '', ''),
	(83, 6, 'Agence/office national(e) ou fédéral(e)', '', '', '', '', '', '', '', '', ''),
	(84, 6, 'Collectivité territoriale', '', '', '', '', '', '', '', '', ''),
	(85, 6, 'Agence/office régional(e) ou local(e)', '', '', '', '', '', '', '', '', ''),
	(86, 6, 'Organisme de droit public', '', '', '', '', '', '', '', '', ''),
	(87, 6, 'Institution/agence européenne ou organisation européenne', '', '', '', '', '', '', '', '', ''),
	(88, 6, 'Autre', '', '', '', '', '', '', '', '', ''),
	(89, 7, 'Services généraux des administrations publiques', '', '', '', '', '', '', '', '<servicesGenerauxAdmPub/>', ''),
	(90, 7, 'Défense', '', '', '', '', '', '', '', '<defense/>', ''),
	(91, 7, 'Ordre et sécurité publique\r\n', '', '', '', '', '', '', '', '<ordreSecuritePub/>', ''),
	(92, 7, 'Environnement\r\n', '', '', '', '', '', '', '', '<environnement/>', ''),
	(93, 7, 'Affaires économiques et financières', '', '', '', '', '', '', '', '<affairesEcoFi/>', ''),
	(94, 7, 'Santé', '', '', '', '', '', '', '', '<sante/>', ''),
	(95, 8, 'Production, transport et distribution de gaz ou de chaleur', '', '', '', '', '', '', '', '<gazChaleur/>', ''),
	(96, 8, 'Electricités', '', '', '', '', '', '', '', '<electricites/>', ''),
	(97, 8, 'Prospection et extraction de pétrole et de gaz\r\n', '', '', '', '', '', '', '', '<gazPetrole/>', ''),
	(98, 8, 'Prospection et extraction de charbon ou autres combustibles\r\n', '', '', '', '', '', '', '', '<charbon/>', ''),
	(99, 8, 'Eau', '', '', '', '', '', '', '', '<eau/>', ''),
	(100, 8, 'Services postaux', '', '', '', '', '', '', '', '<servicesPostaux/>', ''),
	(101, 8, 'Services de chemin de fer', '', '', '', '', '', '', '', '<servicesCheminFer/>', ''),
	(102, 8, 'Services de chemin de fer urbains, de tramway ou d\'autobus\r\n', '', '', '', '', '', '', '', '<servicesCheminFerUrbains/>', ''),
	(103, 8, 'Activités portuaires\r\n', '', '', '', '', '', '', '', '<activitesPortuaires/>', ''),
	(104, 8, 'Activités aéroportuaires', '', '', '', '', '', '', '', '<activitesAeroportuaires/>', ''),
	(105, 14, 'RC - Règlement de consultation', 'RC - Règlement de consultation', '', '', '', '', '', '', '', ''),
	(106, 14, 'DC1 - Lettre de candidature', 'DC1 - Lettre de candidature', '', '', '', '', '', '', '', ''),
	(107, 14, 'DC2 - Déclaration du candidat ', 'DC2 - Déclaration du candidat ', '', '', '', '', '', '', '', ''),
	(108, 14, 'DC4 - Déclaration de sous-traitance', 'DC4 - Déclaration de sous-traitance', '', '', '', '', '', '', '', ''),
	(109, 14, 'BPU - Bordereau des prix unitaires', 'BPU - Bordereau des prix unitaires', '', '', '', '', '', '', '', ''),
	(110, 14, 'CCAP - Cahier des clauses administratives particulières', 'CCAP - Cahier des clauses administratives particulières', '', '', '', '', '', '', '', ''),
	(111, 14, 'CCTP - Cahier des clauses techniques particulières', 'CCTP - Cahier des clauses techniques particulières', '', '', '', '', '', '', '', ''),
	(112, 14, 'CCAG - Cahier des clauses administratives générales', 'CCAG - Cahier des clauses administratives générales', '', '', '', '', '', '', '', ''),
	(113, 14, 'CCTG - Cahier des clauses techniques générales', 'CCTG - Cahier des clauses techniques générales', '', '', '', '', '', '', '', ''),
	(114, 14, 'DPGF - Décomposition du prix global et forfaitaire', 'DPGF - Décomposition du prix global et forfaitaire', '', '', '', '', '', '', '', ''),
	(115, 14, 'DQE - Détail quantitatif estimatif', 'DQE - Détail quantitatif estimatif', '', '', '', '', '', '', '', ''),
	(116, 14, 'Autres pièces', 'Autres pièces', '', '', '', '', '', '', '', ''),
	(175, 21, 'En mois', 'En mois', '', '', '', '', '', '', 'dureeMois', ''),
	(176, 21, 'En jours', 'En jours', '', '', '', '', '', '', 'dureeJours', ''),
	(178, 210, 'Accès à la fonction de test de configuration du poste (passé avec succès)', 'Accès à la fonction de test de configuration du poste (passé avec succès)', '', '', '', '', '', '', 'DESCRIPTION2', ''),
	(179, 210, 'Accès à la fonction de test de configuration du poste (en échec)', 'Accès à la fonction de test de configuration du poste (en échec)', '', '', '', '', '', '', 'DESCRIPTION3', ''),
	(180, 210, 'Accès au détail de la consultation', 'Accès au détail de la consultation', '', '', '', '', '', '', 'DESCRIPTION4', ''),
	(188, 210, 'Accès au formulaire de demande de téléchargement du dossier de consultation', 'Accès au formulaire de demande de téléchargement du dossier de consultation', '', '', '', '', '', '', 'DESCRIPTION5', ''),
	(189, 210, 'Validation du formulaire de demande de téléchargement du dossier de consultation', 'Validation du formulaire de demande de téléchargement du dossier de consultation', '', '', '', '', '', '', 'DESCRIPTION6', ''),
	(190, 210, 'Téléchargement du dossier de consultation', 'Téléchargement du dossier de consultation', '', '', '', '', '', '', 'DESCRIPTION7', ''),
	(191, 210, 'Téléchargement du règlement de la consultation', 'Téléchargement du règlement de la consultation', '', '', '', '', '', '', 'DESCRIPTION8', ''),
	(192, 210, 'Accès à la fonction « Poser une question » de la consultation', 'Accès à la fonction « Poser une question » de la consultation', '', '', '', '', '', '', 'DESCRIPTION9', ''),
	(193, 210, 'Validation du formulaire d\'identification préalable à la question', 'Validation du formulaire d\'identification préalable à la question', '', '', '', '', '', '', 'DESCRIPTION10', ''),
	(194, 210, 'Envoi de la question sur la consultation', 'Envoi de la question sur la consultation', '', '', '', '', '', '', 'DESCRIPTION11', ''),
	(195, 210, 'Accès au formulaire de réponse de la consultation', 'Accès au formulaire de réponse de la consultation', '', '', '', '', '', '', 'DESCRIPTION12', ''),
	(196, 210, 'Ajout d\'une ou plusieurs pièces libres au dossier [_typeEnveloppeLot_]', 'Ajout d\'une ou plusieurs pièces libres au dossier [_typeEnveloppeLot_]', '', '', '', '', '', '', 'DESCRIPTION13', ''),
	(198, 210, 'Ajout du "DC3 - Acte d\'engagement" au dossier [_typeEnveloppeLot_]', 'Ajout du "DC3 - Acte d\'engagement" au dossier [_typeEnveloppeLot_]', '', '', '', '', '', '', 'DESCRIPTION14', ''),
	(199, 210, 'Retrait d\'une pièce libre du dossier [_typeEnveloppeLot_]', 'Retrait d\'une pièce libre du dossier [_typeEnveloppeLot_]', '', '', '', '', '', '', 'DESCRIPTION15', ''),
	(200, 210, 'Retrait du "DC3 - Acte d\'engagement" du dossier [_typeEnveloppeLot_]', 'Retrait du "DC3 - Acte d\'engagement" du dossier [_typeEnveloppeLot_]', '', '', '', '', '', '', 'DESCRIPTION16', ''),
	(201, 210, 'Signature d\'une ou plusieurs pièces du formulaire de réponse de la consultation', 'Signature d\'une ou plusieurs pièces du formulaire de réponse de la consultation', '', '', '', '', '', '', 'DESCRIPTION17', ''),
	(202, 210, 'Validation du formulaire de réponse de la consultation', 'Validation du formulaire de réponse de la consultation', '', '', '', '', '', '', 'DESCRIPTION18', ''),
	(203, 210, 'Annulation du formulaire de réponse de la consultation', 'Annulation du formulaire de réponse de la consultation', '', '', '', '', '', '', 'DESCRIPTION19', ''),
	(204, 210, 'Affichage de la page de confirmation du dépôt de la réponse', 'Affichage de la page de confirmation du dépôt de la réponse', '', '', '', '', '', '', 'DESCRIPTION20', ''),
	(205, 210, 'Erreur lors de la signature d\'une pièce du formulaire de réponse de la consultation', 'Erreur lors de la signature d\'une pièce du formulaire de réponse de la consultation\r\n', '', '', '', '', '', '', 'DESCRIPTION21', ''),
	(208, 210, 'Erreur de chargement de l\'applet cyptographique', 'Erreur de chargement de l\'applet cyptographique', '', '', '', '', '', '', 'DESCRIPTION22', ''),
	(209, 210, 'Erreur lors de l\'ajout d\'une pièce au formulaire de réponse de la consultation', 'Erreur lors de l\'ajout d\'une pièce au formulaire de réponse de la consultation', '', '', '', '', '', '', 'DESCRIPTION23', ''),
	(210, 210, 'Erreur technique rencontrée lors du dépôt de la réponse électronique', 'Erreur technique rencontrée lors du dépôt de la réponse électronique', '', '', '', '', '', '', 'DESCRIPTION24', '');

INSERT INTO `ValeurReferentielOrg` (`id`, `organisme`, `id_referentiel`, `libelle_valeur_referentiel`, `libelle_valeur_referentiel_fr`, `libelle_valeur_referentiel_en`, `libelle_valeur_referentiel_es`, `libelle_valeur_referentiel_su`, `libelle_valeur_referentiel_du`, `libelle_valeur_referentiel_cz`, `libelle_valeur_referentiel_ar`, `libelle_valeur_referentiel_it`) VALUES
	(1, 'a1a', 1, 'Etat', '', '', '', '', '', '', '', ''),
	(1, 'a1t', 1, 'Etat', '', '', '', '', '', '', '', ''),
	(1, 'a2z', 1, 'Etat', '', '', '', '', '', '', '', ''),
	(1, 'e3r', 1, 'Etat', '', '', '', '', '', '', '', ''),
	(1, 't5y', 1, 'Etat', '', '', '', '', '', '', '', ''),
	(2, 'a1a', 1, 'Région', '', '', '', '', '', '', '', ''),
	(2, 'a1t', 1, 'Région', '', '', '', '', '', '', '', ''),
	(2, 'a2z', 1, 'Région', '', '', '', '', '', '', '', ''),
	(2, 'e3r', 1, 'Région', '', '', '', '', '', '', '', ''),
	(2, 't5y', 1, 'Région', '', '', '', '', '', '', '', ''),
	(3, 'a1a', 1, 'Département', '', '', '', '', '', '', '', ''),
	(3, 'a1t', 1, 'Département', '', '', '', '', '', '', '', ''),
	(3, 'a2z', 1, 'Département', '', '', '', '', '', '', '', ''),
	(3, 'e3r', 1, 'Département', '', '', '', '', '', '', '', ''),
	(3, 't5y', 1, 'Département', '', '', '', '', '', '', '', ''),
	(4, 'a1a', 1, 'Commune', '', '', '', '', '', '', '', ''),
	(4, 'a1t', 1, 'Commune', '', '', '', '', '', '', '', ''),
	(4, 'a2z', 1, 'Commune', '', '', '', '', '', '', '', ''),
	(4, 'e3r', 1, 'Commune', '', '', '', '', '', '', '', ''),
	(4, 't5y', 1, 'Commune', '', '', '', '', '', '', '', ''),
	(5, 'a1a', 1, 'Etablissement public national', '', '', '', '', '', '', '', ''),
	(5, 'a1t', 1, 'Etablissement public national', '', '', '', '', '', '', '', ''),
	(5, 'a2z', 1, 'Etablissement public national', '', '', '', '', '', '', '', ''),
	(5, 'e3r', 1, 'Etablissement public national', '', '', '', '', '', '', '', ''),
	(5, 't5y', 1, 'Etablissement public national', '', '', '', '', '', '', '', ''),
	(6, 'a1a', 1, 'Etablissement public territorial', '', '', '', '', '', '', '', ''),
	(6, 'a1t', 1, 'Etablissement public territorial', '', '', '', '', '', '', '', ''),
	(6, 'a2z', 1, 'Etablissement public territorial', '', '', '', '', '', '', '', ''),
	(6, 'e3r', 1, 'Etablissement public territorial', '', '', '', '', '', '', '', ''),
	(6, 't5y', 1, 'Etablissement public territorial', '', '', '', '', '', '', '', ''),
	(7, 'a1a', 1, 'Autre', '', '', '', '', '', '', '', ''),
	(7, 'a1t', 1, 'Autre', '', '', '', '', '', '', '', ''),
	(7, 'a2z', 1, 'Autre', '', '', '', '', '', '', '', ''),
	(7, 'e3r', 1, 'Autre', '', '', '', '', '', '', '', ''),
	(7, 't5y', 1, 'Autre', '', '', '', '', '', '', '', ''),
	(9, 'a1a', 3, 'Non renseigné', '', '', '', '', '', '', '', ''),
	(9, 'a1t', 3, 'Non renseigné', '', '', '', '', '', '', '', ''),
	(9, 'a2z', 3, 'Non renseigné', '', '', '', '', '', '', '', ''),
	(9, 'e3r', 3, 'Non renseigné', '', '', '', '', '', '', '', ''),
	(9, 't5y', 3, 'Non renseigné', '', '', '', '', '', '', '', ''),
	(10, 'a1a', 3, 'Oui', '', '', '', '', '', '', '', ''),
	(10, 'a1t', 3, 'Oui', '', '', '', '', '', '', '', ''),
	(10, 'a2z', 3, 'Oui', '', '', '', '', '', '', '', ''),
	(10, 'e3r', 3, 'Oui', '', '', '', '', '', '', '', ''),
	(10, 't5y', 3, 'Oui', '', '', '', '', '', '', '', ''),
	(11, 'a1a', 3, 'Non', '', '', '', '', '', '', '', ''),
	(11, 'a1t', 3, 'Non', '', '', '', '', '', '', '', ''),
	(11, 'a2z', 3, 'Non', '', '', '', '', '', '', '', ''),
	(11, 'e3r', 3, 'Non', '', '', '', '', '', '', '', ''),
	(11, 't5y', 3, 'Non', '', '', '', '', '', '', '', ''),
	(12, 'a1a', 2, '4 000 HT à 19 999,99 HT', '', '', '', '', '', '', '', ''),
	(12, 'a1t', 2, '4 000 HT à 19 999,99 HT', '', '', '', '', '', '', '', ''),
	(12, 'a2z', 2, '4 000 HT à 19 999,99 HT', '', '', '', '', '', '', '', ''),
	(12, 'e3r', 2, '4 000 HT à 19 999,99 HT', '', '', '', '', '', '', '', ''),
	(12, 't5y', 2, '4 000 HT à 19 999,99 HT', '', '', '', '', '', '', '', ''),
	(13, 'a1a', 2, '20 000 HT à 49 999,99 HT', '', '', '', '', '', '', '', ''),
	(13, 'a1t', 2, '20 000 HT à 49 999,99 HT', '', '', '', '', '', '', '', ''),
	(13, 'a2z', 2, '20 000 HT à 49 999,99 HT', '', '', '', '', '', '', '', ''),
	(13, 'e3r', 2, '20 000 HT à 49 999,99 HT', '', '', '', '', '', '', '', ''),
	(13, 't5y', 2, '20 000 HT à 49 999,99 HT', '', '', '', '', '', '', '', ''),
	(14, 'a1a', 2, '50 000 HT à 89 999,99 HT', '', '', '', '', '', '', '', ''),
	(14, 'a1t', 2, '50 000 HT à 89 999,99 HT', '', '', '', '', '', '', '', ''),
	(14, 'a2z', 2, '50 000 HT à 89 999,99 HT', '', '', '', '', '', '', '', ''),
	(14, 'e3r', 2, '50 000 HT à 89 999,99 HT', '', '', '', '', '', '', '', ''),
	(14, 't5y', 2, '50 000 HT à 89 999,99 HT', '', '', '', '', '', '', '', ''),
	(15, 'a1a', 2, '90 000 - 124 999.99', '90 000 HT à 124 999,99 HT', '90 000 - 124 999.99', '', '', '', '', '', '90 000 - 124 999.99'),
	(15, 'a1t', 2, '90 000 - 124 999.99', '90 000 HT à 124 999,99 HT', '90 000 - 124 999.99', '', '', '', '', '', '90 000 - 124 999.99'),
	(15, 'a2z', 2, '90 000 - 124 999.99', '90 000 HT à 124 999,99 HT', '90 000 - 124 999.99', '', '', '', '', '', '90 000 - 124 999.99'),
	(15, 'e3r', 2, '90 000 - 124 999.99', '90 000 HT à 124 999,99 HT', '90 000 - 124 999.99', '', '', '', '', '', '90 000 - 124 999.99'),
	(15, 't5y', 2, '90 000 - 124 999.99', '90 000 HT à 124 999,99 HT', '90 000 - 124 999.99', '', '', '', '', '', '90 000 - 124 999.99'),
	(16, 'a1a', 2, '125 000 - 192 999.99', '125 000 HT à 192 999,99 HT', '125 000 - 192 999.99', '', '', '', '', '', '125 000 - 192 999.99'),
	(16, 'a1t', 2, '125 000 - 192 999.99', '125 000 HT à 192 999,99 HT', '125 000 - 192 999.99', '', '', '', '', '', '125 000 - 192 999.99'),
	(16, 'a2z', 2, '125 000 - 192 999.99', '125 000 HT à 192 999,99 HT', '125 000 - 192 999.99', '', '', '', '', '', '125 000 - 192 999.99'),
	(16, 'e3r', 2, '125 000 - 192 999.99', '125 000 HT à 192 999,99 HT', '125 000 - 192 999.99', '', '', '', '', '', '125 000 - 192 999.99'),
	(16, 't5y', 2, '125 000 - 192 999.99', '125 000 HT à 192 999,99 HT', '125 000 - 192 999.99', '', '', '', '', '', '125 000 - 192 999.99'),
	(17, 'a1a', 2, '193 000 - 999 999.99', '193 000 HT à 999 999,99 HT', '193 000 - 999 999.99', '', '', '', '', '', '193 000 - 999 999.99'),
	(17, 'a1t', 2, '193 000 - 999 999.99', '193 000 HT à 999 999,99 HT', '193 000 - 999 999.99', '', '', '', '', '', '193 000 - 999 999.99'),
	(17, 'a2z', 2, '193 000 - 999 999.99', '193 000 HT à 999 999,99 HT', '193 000 - 999 999.99', '', '', '', '', '', '193 000 - 999 999.99'),
	(17, 'e3r', 2, '193 000 - 999 999.99', '193 000 HT à 999 999,99 HT', '193 000 - 999 999.99', '', '', '', '', '', '193 000 - 999 999.99'),
	(17, 't5y', 2, '193 000 - 999 999.99', '193 000 HT à 999 999,99 HT', '193 000 - 999 999.99', '', '', '', '', '', '193 000 - 999 999.99'),
	(18, 'a1a', 2, '1 000 000 HT à 2 999 999,99 HT', '', '', '', '', '', '', '', ''),
	(18, 'a1t', 2, '1 000 000 HT à 2 999 999,99 HT', '', '', '', '', '', '', '', ''),
	(18, 'a2z', 2, '1 000 000 HT à 2 999 999,99 HT', '', '', '', '', '', '', '', ''),
	(18, 'e3r', 2, '1 000 000 HT à 2 999 999,99 HT', '', '', '', '', '', '', '', ''),
	(18, 't5y', 2, '1 000 000 HT à 2 999 999,99 HT', '', '', '', '', '', '', '', ''),
	(19, 'a1a', 2, '3 000 000 - 4 844 999.99', '3 000 000 HT à 4 844 999,99 HT', '3 000 000 - 4 844 999.99', '', '', '', '', '', '3 000 000 - 4 844 999.99'),
	(19, 'a1t', 2, '3 000 000 - 4 844 999.99', '3 000 000 HT à 4 844 999,99 HT', '3 000 000 - 4 844 999.99', '', '', '', '', '', '3 000 000 - 4 844 999.99'),
	(19, 'a2z', 2, '3 000 000 - 4 844 999.99', '3 000 000 HT à 4 844 999,99 HT', '3 000 000 - 4 844 999.99', '', '', '', '', '', '3 000 000 - 4 844 999.99'),
	(19, 'e3r', 2, '3 000 000 - 4 844 999.99', '3 000 000 HT à 4 844 999,99 HT', '3 000 000 - 4 844 999.99', '', '', '', '', '', '3 000 000 - 4 844 999.99'),
	(19, 't5y', 2, '3 000 000 - 4 844 999.99', '3 000 000 HT à 4 844 999,99 HT', '3 000 000 - 4 844 999.99', '', '', '', '', '', '3 000 000 - 4 844 999.99'),
	(20, 'a1a', 2, '4 845 000 - ...', '4 845 000 HT et plus.', '4 845 000 - ...', '', '', '', '', '', '4 845 000 - ...'),
	(20, 'a1t', 2, '4 845 000 - ...', '4 845 000 HT et plus.', '4 845 000 - ...', '', '', '', '', '', '4 845 000 - ...'),
	(20, 'a2z', 2, '4 845 000 - ...', '4 845 000 HT et plus.', '4 845 000 - ...', '', '', '', '', '', '4 845 000 - ...'),
	(20, 'e3r', 2, '4 845 000 - ...', '4 845 000 HT et plus.', '4 845 000 - ...', '', '', '', '', '', '4 845 000 - ...'),
	(20, 't5y', 2, '4 845 000 - ...', '4 845 000 HT et plus.', '4 845 000 - ...', '', '', '', '', '', '4 845 000 - ...');
